Number,Steps
8758,216
3281,75
253,110
1542,35
1904,38
3527,57
2096,33
5143,55
4414,171
121,96
4104,39
4080,52
8889,185
1965,144
5945,50
4234,34
1922,51
6588,138
9362,48
9295,61
7243,58
3549,57
5383,73
6387,37
1202,58
313,131
2921,80
9270,92
6065,24
6978,89
6809,182
3373,44
4494,78
3820,31
7674,133
7225,45
5435,117
7229,120
3152,31
7972,53
4374,78
8496,128
180,19
4460,96
2118,33
5419,42
3338,137
7151,102
3771,114
6467,169
8933,141
8560,27
2554,59
9808,43
6267,63
3291,137
1159,58
4532,65
1980,100
5027,135
4622,153
4332,140
263,79
282,17
55,113
4042,65
4654,153
146,117
9356,61
8599,66
9924,43
3065,155
1262,40
2070,126
7840,27
9239,154
9987,167
8188,159
2871,80
4899,135
4258,127
5825,50
2590,41
9998,92
7775,53
2365,59
5408,55
4337,47
9748,136
1559,61
4717,60
9553,105
2600,28
8918,48
4961,73
5432,68
1505,40
952,37
1150,45
5715,174
3138,36
8596,27
3156,31
3142,124
6233,63
4866,47
2897,142
1549,123
4652,153
5669,81
6616,45
4354,140
35,14
3766,88
4427,96
2730,15
3725,39
2957,23
8720,48
7818,102
8203,159
6191,169
6569,213
626,132
1646,136
6983,89
2165,46
1019,63
1515,141
5568,37
6712,89
5136,29
6127,63
4511,153
927,117
5133,55
6295,125
6639,76
1552,123
8379,159
9085,66
918,130
8943,154
3438,150
9730,48
8012,146
7495,71
7004,32
4655,91
2515,41
1820,43
1323,53
4956,135
9442,123
4914,135
8078,146
6403,169
787,60
8573,172
5214,86
3355,93
9117,154
8563,128
4152,65
6839,151
9172,110
2041,64
6709,45
5864,99
1092,32
5519,161
1034,125
6477,50
4174,114
9568,123
5346,117
3054,155
7,17
7544,40
8819,79
7394,40
813,42
9995,66
2605,103
7171,76
2489,41
6819,138
1543,110
9973,136
1060,125
3602,163
5925,37
6084,112
5625,161
6877,151
1168,120
3604,57
2043,157
6660,182
7131,195
8627,53
4094,158
4587,122
4980,91
6481,169
4896,42
2579,147
656,114
537,23
3429,31
9276,61
6448,24
9651,61
977,99
3937,127
3271,137
9419,105
8430,159
1930,25
5138,55
327,144
9883,167
8853,141
242,97
6567,76
1063,76
489,49
298,25
2133,33
1758,149
1563,154
3340,137
2403,59
7274,19
3588,70
7427,71
9894,123
2173,139
3654,132
5594,68
5888,24
3919,83
6308,94
3420,57
1106,138
4262,78
5689,130
4382,78
6796,63
9397,123
2716,67
1586,79
5300,29
5358,29
2767,98
5286,104
4204,96
528,31
523,124
4877,135
6015,156
8367,159
208,14
8150,159
9293,185
9433,35
8753,79
3123,62
194,120
6034,42
1845,38
3178,31
9583,136
1377,159
5355,99
5479,192
230,35
986,50
2159,126
1517,61
2656,116
7065,102
5807,112
8489,66
8260,128
2865,28
4377,78
5977,50
9230,92
5874,55
6479,125
8770,141
4011,189
8344,128
9083,92
5169,55
4557,60
2822,36
8212,40
7424,27
9118,154
2879,129
8899,71
118,34
1434,35
7688,53
7001,32
6681,94
5265,42
63,108
5892,99
1881,38
7617,177
4758,78
8481,110
8668,141
34,14
7837,84
8114,115
5921,187
5274,55
6027,187
640,13
1715,30
3323,119
8568,172
9204,48
2450,134
7966,53
357,33
2669,147
7098,58
9310,92
7367,120
6401,125
8693,141
191,45
5901,143
9034,40
4589,60
3814,31
4949,29
3712,26
9269,35
492,49
6236,63
6473,125
2264,64
4659,153
7152,102
9383,110
1131,37
2748,41
6273,63
3978,26
6234,63
9577,154
9008,48
7312,133
5660,37
1893,38
5871,81
8707,141
5501,42
6746,45
2609,54
8629,53
8981,48
1033,156
9133,61
1391,115
4731,60
4865,47
648,26
932,86
9816,136
7626,32
8547,66
4383,78
690,127
7230,71
8227,40
806,21
5667,130
9545,79
8490,128
8458,84
4165,127
7557,84
9403,61
2645,116
4983,104
9198,154
7068,151
9944,74
2389,28
9736,136
7618,177
3514,57
7468,40
2375,165
1444,48
736,21
3035,155
8074,115
7031,151
7789,84
7431,71
8335,115
3924,26
2059,38
441,28
6775,45
1713,30
9032,40
3920,26
3331,181
9212,61
3686,132
9774,48
6494,50
4437,21
816,29
709,34
5395,161
8457,58
9253,110
1317,53
5526,42
8170,53
6280,125
2459,103
5492,130
1575,61
8224,128
9649,61
3332,31
4124,39
2332,33
7878,27
4846,73
6493,138
2250,46
3740,132
412,90
6557,107
8609,172
2062,38
1978,51
5688,68
3283,75
5401,161
5538,68
3215,168
4059,65
834,135
7575,84
183,94
3573,75
3490,150
2800,85
470,129
4740,153
7369,45
4944,29
8663,128
4218,83
3633,70
751,140
7288,45
3144,62
4624,34
2222,33
8452,84
8294,40
1041,125
2708,54
3468,31
6624,94
7982,53
1815,56
2226,139
9401,61
2004,113
4761,34
9554,105
3494,150
2740,129
5208,104
4640,122
951,29
2555,59
7055,58
7507,164
6706,45
6094,63
209,40
7773,40
2731,116
5748,55
6366,63
3751,62
2266,64
5197,148
4785,73
1649,30
9473,61
6727,50
7120,76
7819,40
3379,36
7870,102
3840,26
9305,92
7418,120
9463,61
2469,134
4476,91
8601,66
7979,53
3585,75
5279,78
1349,115
7178,71
1540,35
1023,63
9877,136
8632,53
7723,53
2678,28
117,21
8631,128
3892,101
7686,146
3187,124
5884,174
2719,67
4341,47
9827,136
1679,87
3913,145
2119,82
7973,53
6045,94
5202,179
2248,46
1049,63
2942,173
7682,40
5065,73
3083,36
9408,123
3141,124
1513,66
858,104
9119,66
3950,39
2049,157
3662,70
7266,71
6801,89
5057,73
4900,135
4820,21
3431,119
8618,35
3850,52
8138,159
1188,76
1247,133
2950,142
4749,78
2954,23
3843,145
9437,61
2150,25
1390,128
1774,56
8735,141
7815,133
9093,141
9087,185
3076,36
777,34
8283,97
6575,76
2392,121
7820,102
4006,145
3729,70
5475,42
9567,79
5619,161
8742,110
3622,70
1704,17
5496,42
2835,80
608,26
7810,102
9830,136
5549,68
486,98
7254,58
5246,104
5392,117
3465,150
1527,154
4618,34
7494,89
7416,120
5293,55
9299,136
8473,58
5522,130
3020,67
5326,86
6764,138
4860,166
9676,61
9050,40
614,39
5533,99
8594,27
8835,97
7440,40
5334,47
6640,138
7155,76
8349,115
3119,49
33,27
5398,68
9698,22
7640,32
6037,68
1992,51
1888,38
3384,36
1232,27
4614,153
1242,89
924,130
3084,36
3416,57
8640,48
6126,63
3973,96
3711,238
6380,76
1664,17
4713,153
3935,101
9363,48
6235,187
1170,58
2753,129
6544,45
9764,74
7237,58
7958,97
4141,127
6997,120
8858,141
3610,57
9155,154
8927,48
1012,112
4700,122
8440,172
2810,85
439,54
1397,35
5986,50
9022,154
2418,59
5752,55
2169,77
301,17
6036,68
9388,110
7963,252
284,105
6856,32
7265,164
8048,71
7272,19
4452,140
776,122
8836,79
7909,146
604,18
2641,103
4288,34
25,24
3175,199
2237,90
2798,67
211,40
9196,154
7457,71
1683,43
700,83
692,34
7019,45
6474,50
8976,48
8856,141
6619,138
6001,50
4904,42
9096,22
4100,39
3298,31
8945,48
9873,136
7021,45
7848,27
9549,105
6440,24
2245,46
3153,62
7978,53
3360,44
339,51
2776,129
1470,48
7372,133
5791,112
8579,79
6180,63
3042,111
4105,158
6745,76
6171,262
2763,41
3970,52
3377,36
9802,136
2973,98
3243,49
3074,155
5615,68
2983,142
8763,48
4721,122
7130,50
8414,110
3394,36
6972,182
5904,24
6761,89
7786,102
2738,41
3002,49
4154,65
5730,29
9979,74
8987,92
6705,45
4304,34
4417,96
837,42
428,103
4295,78
5958,50
5234,86
939,86
798,122
7932,53
9806,105
6052,68
5590,68
4209,34
4401,140
9123,61
7478,115
7393,58
1251,27
4143,65
3082,36
712,34
8941,48
2836,36
2001,51
2526,178
6703,94
512,10
4733,91
9435,154
3350,137
8064,115
3378,36
3353,44
5006,65
7270,71
8098,66
9497,53
6893,58
3556,150
1657,74
2323,183
3007,155
4013,44
1880,131
4694,109
5603,37
1301,27
41,110
8543,172
6566,76
7258,58
8052,71
6694,94
424,15
7711,133
7362,133
5794,143
9416,35
114,34
6210,156
898,117
5001,65
6338,55
679,65
8097,66
1200,19
1276,58
8641,172
2488,90
5990,50
3206,62
4481,47
3057,111
503,67
1851,131
5339,47
3149,62
5532,99
1511,92
4634,34
7752,53
3943,176
325,25
9428,123
945,37
1947,82
907,55
4111,39
2040,51
30,19
1341,71
2181,46
246,48
3504,57
876,55
7914,53
4233,202
7580,177
5312,117
6549,45
9482,154
4816,21
7737,177
6788,37
8884,35
7184,120
2293,108
6518,50
2504,134
7760,102
1863,69
795,104
2935,142
9455,154
4898,135
6179,37
1530,48
3554,119
8980,48
5444,55
8907,97
1985,51
8967,141
600,18
7100,89
6261,125
1187,76
5593,68
8375,66
8298,128
5898,143
4828,73
4648,122
8553,53
4324,140
8656,48
7900,40
7165,102
573,106
5709,29
8404,35
7408,133
6658,94
7439,45
380,108
7228,120
7590,71
2190,77
4495,78
3095,36
3772,39
1193,102
6007,42
290,118
3984,52
4931,73
4726,60
1404,84
529,31
5719,81
7397,71
3687,44
8810,97
3895,83
3700,132
7327,102
8647,53
5272,55
213,14
3270,44
7680,27
410,28
7991,84
5018,135
8581,79
9669,22
7172,120
505,62
735,47
9826,136
3545,57
9798,136
9845,74
3777,132
6321,156
9274,61
8301,97
1725,43
8132,115
6091,37
6137,125
2167,139
693,34
7937,53
5427,161
4539,184
6410,63
869,29
8973,48
9404,61
9527,198
5467,117
2975,49
1192,27
2347,108
5800,24
4874,135
4196,65
1636,43
7045,107
4565,109
2592,28
9950,74
9682,105
8378,128
3452,44
347,126
2666,116
398,121
7118,50
1507,22
9457,61
5751,55
8220,40
9665,74
5624,174
2867,28
1680,43
9913,48
5516,130
3759,88
7324,71
4207,109
7935,128
1633,136
8025,45
1107,138
5178,42
1327,53
64,7
2859,80
7396,71
5021,91
7200,58
1784,74
8061,97
8702,79
8846,79
2305,108
2353,33
8366,40
7783,84
7912,53
9962,92
1873,87
6914,45
7231,71
4862,166
8324,66
9361,48
1364,14
2390,121
8338,159
2766,98
3685,132
7853,84
7763,146
2675,46
4136,127
9880,136
722,47
6359,81
4981,91
2466,134
24,11
6596,32
607,44
1780,74
6268,63
7480,133
6852,32
3244,137
500,111
1990,25
7702,146
3683,132
8986,48
377,64
992,112
7696,53
7596,71
7223,71
168,11
3746,88
6141,63
803,21
9104,61
842,42
7363,133
4130,127
3580,101
9782,180
6959,89
547,31
3916,52
2302,59
1457,35
8801,79
479,54
9579,154
3276,44
5493,130
6238,50
2312,33
2617,85
2331,108
1624,43
3217,75
3779,83
2833,129
7647,177
7536,133
5611,161
6689,45
5416,55
8792,35
5560,130
4272,26
7376,40
2259,38
2388,28
8521,79
9967,74
206,89
7838,84
8380,110
8239,159
1013,112
9311,92
5373,99
764,47
4550,21
7053,120
6991,58
6700,138
1689,35
7568,40
8229,115
8901,141
8136,159
7569,133
594,75
981,24
4146,39
3655,119
2078,64
5319,55
5947,143
6657,169
3308,44
3730,70
400,28
6469,50
696,34
2195,139
8077,115
5454,130
7020,45
4695,109
7443,71
3126,155
5083,86
2201,139
1808,17
581,119
9733,48
2520,41
3568,75
7056,32
6690,138
1300,27
68,15
1573,61
8408,97
8689,48
6599,99
8555,53
1905,38
1166,32
6760,45
6530,138
6288,63
4790,34
8462,40
3763,39
2407,72
8513,128
5816,50
1763,118
8022,190
8051,71
815,135
2639,147
8084,66
1029,125
2146,25
2429,46
3747,88
4346,140
4825,60
1418,35
9925,43
9795,167
6150,156
7594,40
4683,60
4688,122
7663,89
4959,47
9904,136
5684,37
4712,122
1789,100
1284,27
3733,88
8622,172
9537,79
91,93
1110,32
6958,58
4153,65
5788,55
9645,167
4257,39
5989,50
8333,128
8286,66
3423,150
3066,49
595,75
334,69
1273,32
2601,178
8204,40
8169,66
149,24
6747,182
7504,27
1018,50
5188,104
7267,71
4607,153
4403,140
8142,159
8037,27
7679,115
8409,66
5523,130
7624,32
8752,35
7506,164
8384,35
7691,146
3497,106
6554,45
1075,24
6631,138
5564,117
2064,126
5722,29
29,19
6378,125
4784,122
6857,58
9145,66
1036,125
5308,55
6950,107
1136,107
5814,143
639,132
5344,73
1383,97
8322,66
6305,63
535,23
2113,82
344,33
6116,63
2903,142
6521,182
4779,78
8483,110
9489,154
6947,107
4368,34
2905,49
2647,54
9956,43
7149,50
2441,72
9639,136
386,121
6768,37
5727,81
4360,47
4307,78
8908,141
4277,26
7075,32
7896,40
7341,133
5211,135
5424,55
4380,78
2907,142
1147,58
92,18
1577,92
1231,71
1506,22
4294,26
663,26
4663,109
3956,52
5359,192
7251,71
3964,101
2342,59
3566,49
613,39
4164,127
818,42
9616,61
4001,44
9265,110
5007,65
8215,40
5201,148
3163,54
5617,86
845,42
4876,135
1000,112
9815,136
7633,32
781,122
3755,62
9659,167
9060,66
4446,184
8438,159
1736,30
171,125
3510,44
5832,37
3367,88
1167,32
3397,62
8478,84
9257,260
3529,57
9048,40
9371,185
1370,128
6861,32
4605,60
6584,138
8528,35
9738,136
3575,49
7660,177
1658,92
5469,42
5242,148
3890,39
3058,62
1494,48
5610,86
8396,66
971,37
3133,124
3131,111
4508,140
6736,45
6808,63
5793,55
2837,36
7217,45
7406,133
8576,35
6346,81
4801,122
6813,63
1415,35
8244,128
3414,150
4309,34
8825,141
8872,22
6407,169
9306,154
8071,71
686,127
2132,33
4264,34
2680,72
8303,128
3300,137
1278,133
7986,53
6963,58
3000,49
5200,29
1237,27
7037,151
8299,159
4604,60
6154,37
5737,112
4062,65
6330,81
6486,50
1699,61
4660,122
4464,47
4151,96
7381,40
9855,97
485,98
677,52
6552,45
70,15
2137,64
7672,133
7842,53
9319,92
5694,174
8566,128
5616,86
2503,64
9540,105
7461,71
229,35
7561,84
1248,40
7804,177
9409,61
2454,134
8439,159
9865,97
7306,133
2801,36
7921,53
5938,143
4527,39
9092,141
6160,37
9058,66
5658,130
6629,76
2235,46
7496,177
8422,128
773,122
2430,165
7268,71
3330,181
9571,74
9799,48
2602,28
704,21
6756,37
3260,137
9797,136
7032,151
8086,27
4689,153
8708,141
1874,175
1088,19
4880,42
1238,133
9038,92
2852,28
1137,19
7867,53
717,34
8245,128
1841,131
5853,143
8659,53
779,60
9159,198
5423,68
4473,96
7555,133
5797,143
9992,180
6269,63
849,60
4393,140
5902,99
1520,110
7785,221
7176,71
5674,37
7105,58
8502,84
1979,144
2913,111
4022,44
3926,83
5775,130
2548,59
3125,124
4656,122
1887,38
4049,65
4603,122
9684,22
1328,115
3349,44
5062,42
8639,110
9899,97
1698,61
9755,61
207,89
2153,77
1963,82
3697,39
2230,95
7025,58
1292,102
4039,145
2411,165
3536,119
4979,42
8822,48
4215,158
1069,24
9506,53
5529,42
2107,157
1835,131
7383,71
5296,29
958,55
5443,68
6307,63
2456,41
7472,89
4098,158
2121,108
333,113
9072,66
6147,112
5046,135
5323,55
632,39
9796,136
6934,151
8309,66
6824,19
1950,144
3534,150
7905,190
6828,151
8267,128
6939,89
1941,100
1206,71
3614,119
2257,38
1629,43
4450,140
6541,45
2422,72
2278,59
7949,97
8809,79
1788,100
3791,176
1737,105
3320,137
1993,51
4071,158
1214,45
4176,34
8963,48
446,72
461,36
2561,147
568,106
2457,134
9977,43
5481,42
4211,127
7365,133
2712,54
8867,141
5384,68
8854,97
1913,82
5565,117
6810,63
4222,171
8119,66
5837,37
5903,99
6177,112
7067,58
6795,37
3275,137
8905,97
8897,35
6717,89
4884,42
9772,48
9852,211
7962,27
4434,78
38,22
755,65
6152,37
7347,164
2732,41
8398,66
612,39
4893,135
9882,136
5583,68
320,12
8824,48
8467,203
5090,42
4005,145
3496,119
7190,71
6202,156
3161,155
2841,80
3402,62
5894,99
763,153
5262,192
3982,52
7503,63
4135,96
9896,30
4172,127
9917,48
4922,73
784,29
3471,106
1350,115
2497,90
7510,63
2971,49
270,43
8743,110
3173,80
2372,77
5942,50
5072,42
359,51
740,47
9790,74
2587,147
1924,51
827,42
7446,133
1297,102
6043,125
4811,47
2435,134
7665,58
9031,185
5482,130
9009,40
188,107
6227,94
1249,177
148,24
5996,50
1039,63
9768,43
565,18
5412,42
4770,104
5541,68
50,25
9897,242
691,127
966,24
5425,161
4009,158
2901,23
2200,95
318,56
3506,57
3171,80
2850,28
5803,174
399,121
844,42
3863,145
3442,57
4782,122
8146,97
6953,89
267,22
5504,37
526,80
4599,153
6585,138
4302,109
1053,81
7927,53
3249,137
1431,27
3807,132
3995,83
6579,138
9341,92
4734,91
9260,110
8703,110
7005,32
7857,102
4788,122
5198,148
2676,72
8230,115
6848,107
1519,154
4505,39
5697,68
5226,29
7205,164
5641,42
2339,59
3145,62
8236,40
6140,63
4244,127
3963,52
1081,138
3045,36
9323,61
4826,73
6996,120
2419,59
2619,103
7331,45
8342,128
830,135
895,99
8410,97
9535,105
3087,111
2373,77
7998,190
8053,71
7729,146
8023,190
9926,43
120,21
6782,182
3098,124
1682,43
3591,150
9792,43
2092,126
4600,47
6257,125
1096,94
650,26
1488,22
7117,151
8564,27
7426,71
1103,45
2351,59
3541,119
5445,55
5860,37
4891,179
3939,26
9901,74
5476,42
9507,53
3477,31
4963,42
5080,34
2808,85
8925,97
8882,185
3364,44
2317,33
4319,127
5883,143
9854,211
65,28
2567,147
7655,84
7384,71
5465,161
4909,135
5731,29
6278,37
4314,52
5614,130
5586,112
7044,107
5640,37
4871,47
7952,27
458,36
210,40
8019,159
8823,48
4669,34
8486,110
637,57
4184,127
53,12
4781,122
4167,114
9494,154
139,42
9932,43
1618,48
3188,124
8016,115
4334,140
2788,129
4408,47
5189,104
6229,125
6054,68
2326,152
5879,81
4837,60
2873,173
6962,58
5166,55
1667,30
9266,110
7520,133
671,96
745,91
8155,128
4967,166
6685,45
6800,63
4229,83
2768,36
3273,137
483,23
6067,24
7919,76
8252,40
577,31
1445,48
9231,92
5943,50
5686,174
177,32
1288,102
3808,39
5013,135
9074,66
7297,164
4574,122
9688,74
854,55
5710,130
8368,128
3998,52
2745,41
9818,136
4057,114
2502,28
8153,115
4632,34
283,61
1816,17
4388,140
3403,62
3160,80
8534,128
6818,138
5683,81
1709,56
3104,124
8041,97
6872,151
7641,32
2074,126
5123,148
8075,71
9312,123
7459,71
3240,31
9024,22
8890,35
5029,42
1797,118
6375,200
7147,102
6576,138
3910,101
7854,84
2252,46
4439,96
9612,61
83,111
3617,163
1070,24
6565,76
1685,43
5802,24
6973,182
1830,131
84,10
8960,22
9902,74
4531,65
4924,73
6386,37
307,38
4905,166
189,107
5064,34
4112,127
9165,154
1595,74
3954,145
4026,70
6668,32
5799,205
16,5
9586,74
8694,185
2084,126
2011,43
3466,31
7321,45
9726,92
6367,63
7811,102
3112,124
3190,75
5397,117
9619,48
4732,91
7615,58
9504,79
5122,148
7623,71
9143,61
1981,100
3988,52
553,137
4630,109
955,29
250,110
9443,123
5348,47
6248,125
1219,133
272,17
6080,112
1477,22
2032,51
1659,43
371,46
2899,142
864,117
5960,94
5612,130
2154,33
7741,146
1356,53
4030,96
2711,116
8346,128
9089,141
4664,34
8219,190
5862,37
193,120
5333,117
2643,103
2528,41
6485,32
9588,123
919,130
9374,154
7917,146
3266,137
5676,130
8773,141
4972,73
9970,118
7041,58
5112,135
8180,66
1848,131
4760,78
2406,59
1367,40
9176,61
4912,42
7493,89
7286,164
2314,33
362,20
7326,71
8525,79
9392,123
9965,105
4339,78
2826,129
8911,97
6033,42
9100,22
5863,130
2834,80
2506,134
9217,48
7373,133
1761,105
7076,58
5303,148
9244,154
6742,76
774,122
8532,35
9980,74
6383,200
2681,46
6286,107
6778,37
3080,36
4556,60
3124,124
7212,45
6515,50
5626,174
1662,136
7144,76
1051,94
5718,81
1854,118
6068,63
7898,40
7650,40
420,41
1857,38
4800,21
9914,136
7060,32
7742,115
7486,71
8096,115
6618,45
8386,66
8921,141
1057,81
4391,171
9564,123
676,52
5831,50
3277,44
8261,128
5542,68
1268,40
9080,66
5077,42
8339,159
6206,94
7637,40
5030,42
630,39
1479,97
9762,136
7797,146
4496,47
5647,60
4941,135
7824,53
5913,81
5776,50
7781,40
1733,30
3738,88
8124,66
2842,36
3927,83
4682,60
9138,35
7466,89
5086,179
2635,54
4745,52
2530,41
2054,38
8556,79
9892,123
7126,164
742,47
7458,71
3965,101
1493,22
8255,172
8297,40
1408,22
9158,110
9109,61
2977,142
4038,114
433,28
8726,141
5230,179
4406,52
6516,45
9978,136
5940,50
5780,50
4596,47
6352,32
3983,52
2754,160
8999,185
2573,28
8358,66
8197,159
4523,91
4736,29
9741,136
6216,37
5513,99
9427,154
7584,40
8441,58
4361,140
8751,53
2519,85
2628,54
943,37
1786,74
8154,66
5955,143
757,109
9843,74
473,36
6826,19
6993,107
2671,46
8340,128
4311,171
1539,35
9282,61
2896,23
9184,48
5851,143
2464,28
4252,78
7664,58
4028,96
2241,46
5569,130
4456,47
2570,28
2207,170
2932,98
4585,153
14,18
5868,143
7538,115
1016,50
4190,109
4364,47
4077,65
6604,138
3191,75
4123,96
9647,123
7339,195
783,122
8317,53
3115,62
3339,93
1846,69
762,109
9533,53
4381,78
7642,32
4551,184
2149,25
2387,103
3248,44
2018,113
9777,48
8117,40
3158,124
1429,35
5865,104
6347,37
1181,58
8343,128
3107,124
8520,79
5880,50
5043,42
1642,30
8696,141
9246,154
1258,40
4646,184
905,68
3792,39
1094,32
2484,90
3179,80
163,24
6610,50
1765,30
8583,79
9641,74
3509,57
8992,48
7011,58
2204,46
4724,60
2117,33
8755,79
1582,79
8598,66
5005,29
8670,66
4856,47
9526,198
2265,64
6162,156
2521,41
2333,33
1672,43
7748,53
6937,182
2974,98
7719,53
1852,131
4449,70
5909,24
922,37
2087,113
6008,143
4102,39
9042,185
2098,64
4321,171
2564,54
8628,53
6806,63
7788,84
9610,61
2290,152
7153,76
2700,116
6069,63
2221,33
9908,136
164,112
9047,92
510,49
1332,115
3590,70
4278,78
466,85
9780,43
9624,61
1935,144
7630,177
3470,106
1337,45
1141,107
2423,72
1076,32
1366,40
2060,126
7904,53
4394,96
3299,31
9522,35
7066,32
5550,68
2442,41
2533,33
797,122
8611,79
9110,61
8348,115
8883,185
1201,58
6139,125
1347,66
9243,92
6883,107
7115,58
6965,32
8211,159
277,17
8428,159
9708,123
5055,86
4645,184
5270,55
3419,150
2580,103
8280,128
7290,45
2186,33
8684,53
1995,51
6964,32
9953,74
5070,86
2828,129
3598,70
5130,55
1548,123
8942,48
7608,32
3388,36
4601,60
3818,39
564,18
1735,105
703,171
9751,123
8859,79
5107,179
5273,148
3363,44
1420,35
1073,24
73,116
3805,31
7666,58
1153,151
1186,76
5747,174
7589,71
9863,74
225,53
8843,79
2234,46
2576,103
9352,61
2902,142
3945,101
155,86
2849,67
1344,14
2038,64
5115,60
4661,122
3528,31
176,19
6858,32
4194,65
954,37
7604,32
9275,154
8175,146
2784,36
4179,65
4643,34
6805,63
1031,37
2657,54
3310,44
7300,45
4455,96
1236,27
3540,119
3159,124
2853,28
7708,53
6096,112
3061,49
7167,195
2202,95
2320,121
7769,115
5919,174
5299,99
8710,141
7795,146
6741,45
5928,50
7346,164
8176,66
8399,66
1998,51
8411,66
934,86
6,9
1267,32
7497,63
3317,93
5654,112
4484,47
1999,51
6251,112
3880,101
2025,157
1639,105
8675,48
8493,35
150,16
7734,84
8321,53
9916,48
3719,44
1576,30
4892,135
3038,155
8993,79
5093,34
2556,134
8095,115
5881,50
6781,182
5692,68
8326,66
6457,169
5151,91
5103,86
6921,76
6377,81
4548,21
2223,183
3870,145
9696,48
1432,35
5420,117
8880,35
3321,106
9076,66
6627,94
2360,59
8982,185
467,85
3531,101
840,42
2115,82
1583,167
1144,107
1255,89
2315,108
4923,73
1605,22
4715,104
6044,94
4261,78
4693,122
4951,73
7522,40
5176,42
6195,187
8417,159
3744,26
9431,105
7487,71
4485,47
382,46
5249,130
5570,68
5782,50
2270,64
9326,110
6517,45
425,59
540,44
9937,74
6677,138
687,39
7386,71
4122,127
3741,132
9784,136
4162,65
3143,106
4040,65
6093,37
3026,67
3385,181
2494,134
6716,89
6296,63
9862,74
7832,53
1342,97
8988,79
3603,163
1203,58
4433,140
6114,112
4438,96
5795,143
7579,133
6337,55
2684,98
3578,101
8762,79
4602,47
1625,136
4915,135
8277,128
3551,88
5499,68
5345,161
6890,107
4083,65
1508,66
9142,61
2938,49
6102,156
3071,155
9207,123
9891,123
6944,32
2525,41
6911,151
2498,178
1810,69
6946,107
8686,53
7123,50
9380,154
3594,119
5069,34
7370,133
9343,61
6143,156
859,148
3812,31
3433,150
1011,63
7605,32
8778,141
8840,97
2236,90
739,21
1417,79
4692,122
6622,169
1987,95
7042,107
4613,153
9368,61
2361,59
9162,154
1587,79
6759,63
2683,72
3051,155
1504,110
6906,45
8827,123
5531,42
9208,61
5179,117
15,18
4804,60
7003,151
1113,138
2009,25
2870,80
7849,128
4407,52
7366,133
8009,45
1474,141
1966,144
9036,40
3245,137
6859,63
723,47
6134,63
9279,92
4620,34
266,30
1175,120
1259,84
5571,68
7077,58
9116,154
1614,74
1178,120
1567,61
151,16
9850,74
4723,60
9412,35
8192,14
9681,61
9990,92
7606,84
9528,53
7619,177
9521,35
6845,151
4214,158
7581,177
2152,33
135,42
3931,83
6811,94
6385,125
9687,167
645,101
8761,66
5521,130
1313,27
1321,102
4273,65
8904,141
6884,58
1545,61
9156,110
5664,37
1403,128
3877,52
3651,44
1532,48
7303,164
4133,158
8516,128
5700,29
7835,58
2500,28
4928,29
6079,68
9292,185
7129,120
4103,158
3757,88
96,13
6436,76
4366,140
7616,40
2694,67
3607,44
4070,158
2742,116
6446,24
4943,135
3312,93
6538,45
7823,84
3710,119
4889,47
1469,48
8420,128
4127,171
8103,190
7697,53
9449,61
6333,169
5926,37
2637,54
788,29
5878,81
1040,32
2884,49
4177,127
6433,63
2436,134
899,117
2734,41
7110,120
3008,111
3157,31
6929,151
3221,23
4426,140
5422,117
4540,65
4082,65
4763,197
7135,195
8615,79
3579,75
4806,60
7078,58
3991,52
3183,62
1360,14
4870,135
9839,48
1983,51
4591,171
8431,97
7722,27
3960,101
6894,58
3635,70
8723,141
8030,45
1111,32
5221,55
5118,117
5915,174
4572,34
863,42
638,57
7410,164
2269,64
3606,44
6425,125
2085,126
1260,40
2743,116
13,10
8310,66
6303,156
9872,136
4679,47
4178,65
752,109
9163,35
3434,106
2651,147
6608,94
2750,41
8272,128
4400,96
5829,37
2328,121
8362,35
219,53
5574,37
2349,121
6587,169
1082,45
6398,169
7488,27
5307,148
6540,45
6207,94
4168,127
1839,162
1148,45
2496,41
7772,40
1245,89
4902,135
5507,130
3439,150
8225,115
7987,53
5774,130
8327,66
9107,154
1557,123
3888,101
2737,41
768,16
1523,35
5478,42
744,21
5009,91
5630,161
5459,161
3953,52
2380,77
1919,131
9648,74
1489,48
4402,140
2367,90
8238,40
5979,55
6454,107
3166,168
9327,92
7552,40
1152,27
3006,142
1221,40
1293,102
448,23
7161,133
3601,119
2279,152
3550,88
6932,32
4955,73
8465,84
5745,37
2604,103
3500,31
2276,59
993,94
5687,174
9235,110
1089,45
7061,32
5295,148
5652,130
570,106
8541,66
4708,34
8968,48
747,47
3652,132
4499,47
6392,76
9205,48
8779,141
2127,77
9002,48
1067,63
1079,50
938,24
5325,55
2995,49
8304,66
166,112
5452,68
2398,72
4237,34
3345,137
6556,107
1796,118
3436,150
8036,27
9029,40
2374,77
2747,67
3811,39
7337,177
8195,115
7685,146
2761,129
3040,111
3236,49
1179,58
2923,142
2023,157
9131,154
6869,107
5165,55
4409,78
2120,126
6183,156
4911,122
522,31
3168,31
9424,123
9348,61
5276,148
8045,45
1480,48
1024,11
5556,130
4553,153
9662,123
7248,19
3769,114
1304,27
7564,40
3898,145
427,54
2947,98
1777,118
488,23
6314,32
3099,137
5949,99
1046,125
7534,89
141,16
8206,159
2039,64
8110,159
8476,84
3620,70
9065,123
5212,104
2145,77
1129,37
9291,35
1933,25
3193,36
1594,123
2102,95
8505,84
1078,50
3400,62
4832,21
5587,112
7465,71
4932,135
3200,31
9025,48
1982,100
1569,35
9963,74
9440,61
3251,137
7309,133
6715,138
8100,159
3290,137
319,56
8902,141
8816,48
5015,42
9547,105
7263,102
3239,124
3679,163
262,30
7716,58
4547,140
294,118
1592,123
232,22
9014,92
3789,39
6339,55
1512,110
9921,136
6562,76
7142,32
1759,149
5882,50
9171,154
3234,49
2026,113
1252,133
9081,97
1742,180
3361,44
2192,95
3875,52
5012,135
7625,84
2572,28
2111,170
8125,66
3708,119
8527,128
3705,163
9232,35
7514,89
7611,133
1406,172
9642,22
2051,38
5351,192
7143,195
2543,178
5670,81
9557,30
829,91
3819,31
6536,45
7087,58
4390,140
9993,74
5245,104
93,18
7779,40
4861,166
4611,109
4521,184
6029,24
1455,141
1135,63
4171,127
159,55
7238,58
7662,177
1100,94
6614,76
3205,62
9370,61
2574,147
134,29
8190,159
5313,55
7006,89
699,65
3774,39
7614,133
2857,173
1561,61
7154,76
3854,52
4759,78
3428,31
1917,56
8514,40
8059,53
2467,134
7360,40
4413,47
3699,70
9221,110
4857,166
2340,59
105,39
8645,35
1895,175
4566,60
4935,197
9444,61
1291,53
3196,75
9700,167
7099,58
5608,86
7872,53
200,27
9885,136
5948,99
5302,148
8765,79
3599,70
9283,61
2517,41
5850,143
1286,27
5714,174
8842,97
1412,128
6537,107
2981,93
3454,57
3030,142
7988,53
218,115
8588,27
7897,40
1909,38
7530,133
4608,29
3019,67
610,39
7925,102
810,29
2898,142
9989,92
1093,32
5811,50
6245,63
8820,48
516,124
557,44
839,86
916,37
8799,102
7233,164
7456,89
5098,60
1661,136
394,28
4542,65
7108,120
8300,97
7976,53
6471,169
3382,137
2691,116
5347,117
5527,42
5038,86
5605,99
4954,135
4157,65
7586,71
9776,43
6241,50
6821,138
2996,49
7540,133
9181,61
9233,154
7648,58
9285,35
126,109
6315,63
8666,141
3646,163
9706,48
6274,37
809,47
6647,120
8162,53
6122,50
9393,110
855,55
7388,71
3798,70
5505,192
935,130
324,25
4004,145
6915,45
1872,25
7907,53
5204,29
3435,150
9861,74
6907,120
8426,84
5124,55
2105,126
397,28
5783,50
4323,34
9819,74
4493,47
2443,46
8677,79
2878,129
2244,46
6246,63
3230,75
3721,70
1413,128
611,39
453,15
3521,106
9084,66
6729,138
9168,110
1216,27
4187,65
7453,71
884,117
9750,123
5361,73
5140,29
3455,57
4419,78
1949,144
1264,40
4137,96
9810,167
3025,67
332,113
8111,66
5757,130
1703,61
4061,39
3232,31
7735,84
9367,61
5808,50
5167,179
7052,120
9548,105
8381,110
6726,45
7535,89
3445,106
2383,51
636,57
9690,74
5801,81
2791,67
5298,99
2082,126
7330,45
9094,141
4808,60
7253,19
9890,123
8265,141
1333,115
6327,55
291,118
5847,143
3696,132
4729,60
8722,141
1984,113
5995,81
8254,172
4376,34
5243,55
9236,35
4907,135
5382,117
3817,83
4280,26
5378,73
4581,153
7592,40
2720,15
3383,137
9692,74
6672,138
5225,86
9051,92
7482,133
4754,52
3969,145
8606,110
2568,28
926,130
2557,134
6938,32
6814,63
1707,149
8475,110
882,29
156,37
3691,70
6960,32
481,49
54,113
4798,73
5912,24
8353,89
5446,55
1940,100
8278,159
1953,38
6667,182
3381,44
1844,38
8334,115
2790,129
8165,66
6590,138
6862,120
6219,125
957,55
5289,55
2775,67
1961,175
304,25
3830,176
375,46
3860,26
5025,117
4926,210
4885,42
6710,94
7343,71
5142,55
5764,143
9878,136
5271,55
6476,50
9905,43
8006,53
680,13
4023,44
1832,38
2811,59
7455,71
7218,45
1428,35
569,57
3968,114
3201,168
1503,141
3544,57
295,56
3657,119
2847,173
6130,156
2518,85
3989,52
5235,86
5742,81
3417,57
8122,40
4430,122
9840,74
184,19
1522,35
3132,124
3809,176
6896,45
702,83
2272,108
1706,17
8634,53
7951,53
6391,76
6832,58
4848,47
2058,126
8028,45
4003,52
8194,115
3775,88
1958,51
2575,147
1607,167
4903,104
6491,169
2904,49
8979,92
7206,164
1055,169
145,117
8406,66
1473,97
5472,130
9606,167
138,16
7684,146
6254,156
6762,45
4351,78
5536,37
982,143
7762,146
2341,59
7953,97
4250,127
1279,133
7159,76
821,29
875,29
7469,40
8517,128
7556,84
5067,34
1697,35
2823,59
4223,158
4468,47
2540,33
1550,154
8094,159
3238,49
6032,68
9657,61
1871,131
7448,40
506,111
5495,68
7182,151
6455,107
2795,67
6777,89
701,83
3479,57
3672,132
7588,71
110,114
9317,154
1738,30
1385,66
580,119
1109,19
2106,82
9713,48
3263,75
7489,89
2888,49
3636,18
8861,123
9321,61
6319,200
3228,75
5105,60
1145,151
2463,209
7724,146
5723,174
8931,48
5350,47
7082,120
3212,23
5321,55
9375,48
497,23
7137,50
6721,45
129,122
6514,50
6370,32
5376,16
6244,63
5139,55
8115,115
7694,146
6063,143
2930,36
5010,91
6424,24
6842,58
1361,53
1118,89
4984,135
5239,104
4497,47
8834,97
2862,28
9538,79
3184,124
7526,40
5071,86
4318,127
1602,61
3882,101
6451,63
9255,154
6110,94
80,10
5194,148
3062,62
5463,117
8443,110
237,35
6951,112
7736,146
2508,134
5380,117
9237,35
1785,30
6955,151
6156,37
6409,125
6528,32
4213,83
2382,51
4768,29
4953,42
7189,120
3121,62
8798,102
4429,140
2569,54
74,23
1859,131
8494,35
980,24
493,49
7560,40
7213,45
1359,66
2783,116
8802,141
4503,39
7080,120
5413,42
6049,68
5661,37
4936,135
5388,68
2175,77
2409,121
9434,61
3380,44
7550,89
4063,65
3587,119
1675,136
909,16
1250,27
3645,44
3797,39
7163,58
5257,179
6442,24
421,41
3676,132
3289,137
3609,44
8871,79
3707,132
950,29
1330,53
1867,38
8140,159
9229,154
7957,27
5937,143
7022,45
9180,61
1124,45
3117,62
4829,73
552,18
713,26
4043,26
6652,76
5985,94
4797,73
5575,68
9252,110
4838,60
9903,74
8519,159
1663,74
7894,190
6342,81
4868,135
2992,49
5455,130
6379,81
7970,53
9918,48
2179,46
5967,143
7780,40
411,134
348,33
269,30
7892,53
9137,35
2746,129
6458,76
2475,72
6772,37
5026,135
4710,34
3498,119
47,105
1544,123
3337,67
1182,58
7563,84
2689,72
6081,63
3036,62
6820,138
2751,173
1263,177
1616,30
5363,47
6743,76
9322,123
6343,55
1760,118
9496,79
8509,79
533,31
1173,120
5642,37
2877,54
9786,136
8164,66
6699,138
6345,81
4227,83
4,3
2618,147
1307,177
7432,133
8705,172
766,47
9728,30
6503,63
9459,61
6943,257
4344,140
5121,42
6693,94
1724,43
8603,172
122,21
7291,164
782,122
8709,141
603,70
2832,36
2002,144
4633,109
5483,117
7191,71
7499,89
1652,92
4472,91
9593,123
771,34
204,27
8879,172
5920,50
9493,79
2034,157
2109,82
4685,60
6239,50
2940,49
9474,61
6740,45
7721,115
7945,128
575,44
9303,35
6927,107
9769,105
3577,75
8913,48
6948,107
9699,22
4716,60
1399,66
2183,139
2402,59
819,42
534,23
140,16
2238,90
5002,29
343,126
8995,48
2116,33
6420,24
109,114
9193,92
8253,40
2706,41
3213,23
5219,55
8451,58
6023,42
2760,129
4467,140
2687,98
7790,84
1875,175
507,36
7877,27
7629,32
8373,128
6526,76
243,97
9479,198
6336,32
8395,66
7754,53
7621,40
2283,59
3147,124
6041,68
9770,43
578,31
6298,63
6453,24
5260,55
157,37
5857,143
5460,16
5540,68
2889,142
1275,84
9942,74
7091,58
5146,29
1155,32
257,123
7668,58
6511,76
1384,35
1903,131
7354,133
6300,63
3770,132
2155,170
5117,135
5716,37
688,34
5845,99
9112,61
629,39
8551,79
6149,156
2473,121
9157,110
1501,48
3837,132
6984,151
5297,99
5987,50
5461,16
6262,112
3022,93
3977,145
3841,39
3252,44
3942,26
1731,149
6003,42
7576,40
3595,70
2545,41
5379,73
4619,153
7264,19
8316,53
3224,23
2895,54
1223,133
7403,195
8484,110
2677,72
3853,52
8636,128
8269,159
9623,48
4064,52
5735,174
4444,34
2103,95
7356,164
3801,31
4789,122
6389,125
3985,52
5224,29
8191,159
7085,58
4929,42
1612,22
5032,42
828,91
520,31
2147,25
4995,91
1303,102
8184,66
8365,40
115,34
9909,136
7984,53
5185,42
9214,154
6670,182
224,22
6513,45
6975,133
4363,140
8805,141
9585,123
1883,87
6082,156
1194,27
6332,169
5206,104
5768,50
544,18
6876,151
4369,47
1526,154
6498,138
9513,198
285,105
67,28
9791,74
1215,164
3533,31
8831,123
9019,40
7500,177
8234,128
8605,110
1443,48
4225,57
9951,74
1353,40
4722,60
7069,151
1729,105
5081,42
3223,23
6190,37
7464,89
9512,79
6730,45
3723,132
4116,127
3852,52
6798,120
4073,96
6542,138
8657,141
670,70
8930,48
3059,62
5053,179
7063,102
9817,136
5972,24
1207,71
7831,102
2410,20
1006,68
1942,38
9101,22
6577,138
2291,152
6502,138
6373,125
3906,39
187,45
7259,164
1398,66
7574,84
6209,156
1671,43
9663,185
3799,70
8442,172
9150,123
7597,71
4714,122
6642,107
3356,88
6669,32
6797,63
756,109
4018,26
460,36
5951,50
4543,184
994,24
8917,48
1628,43
6444,24
2944,23
4946,122
310,87
5508,161
889,148
3929,101
8445,172
4921,73
6574,76
6532,138
5485,117
8892,185
3836,132
6309,94
7548,40
3324,137
1468,48
1535,61
5563,117
7855,84
5039,135
948,37
8621,172
6484,32
101,26
5407,68
2812,173
9438,105
273,30
1566,123
6676,138
4684,60
5182,55
3732,88
7901,40
8477,84
4053,114
1533,48
6793,76
37,22
3247,49
2874,54
7906,53
1928,25
1239,133
9920,92
3706,132
1826,131
1308,146
4743,60
7656,58
79,36
9876,136
7981,53
9844,74
6648,138
2003,144
9837,105
1538,35
9066,66
5111,60
116,21
6572,76
4106,39
228,35
322,100
9720,167
6088,37
8818,79
1807,118
123,47
8282,128
4522,21
2965,49
6550,138
1954,100
8600,27
2112,33
4650,122
720,21
9842,74
4517,39
3800,31
8938,48
5148,148
119,34
5220,55
3936,52
991,99
1534,61
4463,47
2461,72
6111,94
2953,124
2029,38
4260,78
2608,28
9834,43
6422,125
9364,61
8240,128
4265,171
7279,177
6603,45
8895,71
1052,81
6431,125
4301,26
7490,164
5357,29
880,117
396,28
6864,107
3787,83
7599,58
2099,64
4325,140
5713,174
2772,36
1447,53
7283,120
8885,35
4056,39
6083,156
4239,83
2769,67
8811,53
7846,177
5304,29
6623,169
5635,86
2139,77
5449,161
4238,83
316,38
6212,125
8026,45
4741,153
2560,15
6211,156
2989,49
6630,76
5633,60
1546,123
3246,137
17,13
6510,76
7463,71
3303,75
7175,76
5282,104
6785,89
6812,63
1483,141
5,6
3014,23
2134,64
9439,105
8550,66
1172,120
3467,150
1818,17
9803,136
5746,174
3565,49
822,135
8776,141
7511,63
4933,135
3664,39
6990,58
4528,65
2872,54
8614,79
666,114
6675,68
7179,120
4441,184
3398,62
3608,57
1217,133
4793,73
5905,143
6731,45
7007,89
6357,32
624,39
8139,115
3253,44
7402,133
5659,68
1125,45
2723,54
3972,96
7532,89
170,11
8959,247
8928,48
4289,78
4991,73
9452,61
4110,39
8777,141
9353,185
4990,73
2016,113
3835,132
6281,63
1631,136
7423,239
1957,51
3484,181
7899,102
6187,63
8289,115
2728,15
8643,172
6222,37
1044,32
6073,63
6218,37
2483,41
8747,48
1058,32
4230,83
6355,55
6664,32
4471,47
8152,66
5175,148
7322,133
8760,79
5116,135
9146,35
4396,34
1665,180
2757,129
4255,202
3351,137
3702,132
6940,107
2709,54
1117,45
7325,71
5448,68
3027,67
2491,103
6613,94
1265,40
1048,32
2986,23
5074,135
9739,48
805,21
6270,63
9779,48
1894,38
2157,51
8546,66
402,20
726,47
1277,58
7796,146
5207,104
76,23
6418,76
3631,101
5548,68
8066,71
7057,58
5914,24
3109,36
8356,66
6865,151
5639,86
2551,85
1324,27
5908,24
3389,36
9643,167
8249,66
9079,185
3641,119
3821,31
4735,153
1502,141
6636,45
3630,57
2634,54
7517,89
5842,81
651,101
8997,48
9590,167
4291,78
2108,82
7714,53
6026,24
8246,97
3688,39
6271,112
9049,48
5014,42
3481,57
5254,29
7421,120
3376,44
2925,142
1004,68
4086,158
6188,37
6354,55
8781,141
5258,55
8497,128
4372,34
5875,55
190,107
7451,164
5573,37
8444,172
6898,151
4486,47
480,23
7644,32
61,20
6867,151
4666,34
8906,141
7470,40
1407,172
7713,84
946,37
5177,55
5402,117
4217,57
1798,118
7385,71
1565,123
4120,127
5488,130
192,14
5409,117
4544,109
2988,49
8575,128
5866,99
9668,22
48,12
5153,148
3003,41
2956,23
8508,79
1537,154
9055,40
5685,37
4541,65
6735,89
5094,34
5186,42
8480,128
9256,35
4795,166
8004,53
7256,58
9075,66
2161,33
6430,169
9210,61
5156,148
4310,171
1812,17
7829,53
7967,97
5798,143
6247,187
4384,96
4454,140
7282,120
2218,20
6364,107
2792,36
8067,71
4920,73
7405,133
2704,54
5946,99
1932,25
342,126
4918,104
8213,40
8350,115
6184,125
7631,177
2371,152
268,30
6056,112
7863,84
727,47
2650,28
6203,94
1042,125
44,17
2277,59
9587,74
3108,36
5277,148
6611,50
7529,63
9686,167
4957,135
8887,97
6400,32
4818,122
3851,145
5458,161
2697,160
6601,76
541,44
7106,58
7177,76
4976,91
8952,92
3366,44
6855,89
3718,132
9691,61
2594,103
7314,120
7473,102
566,62
2208,20
6495,50
6933,32
7828,53
6057,187
9213,61
9422,61
729,34
3517,150
642,26
1578,30
484,98
3046,36
2595,103
7010,58
2379,77
1227,133
3661,132
6749,45
5578,130
9709,123
9633,48
7364,133
452,15
9360,61
5762,37
1208,19
7273,133
3745,163
9153,154
760,109
1087,138
4571,60
6059,143
2722,54
9141,35
7533,89
2138,25
3237,49
5494,68
9027,185
5910,143
9286,35
390,121
3029,111
1711,149
628,39
2158,51
3795,70
9524,79
1326,27
5770,50
2558,134
9737,167
5503,174
7430,40
6165,37
940,130
1272,58
7332,45
8469,35
5076,42
1870,131
1654,43
4593,109
3901,145
3734,39
4201,65
3564,49
4247,34
6849,58
9288,185
4750,166
9224,154
9476,123
57,33
3155,93
6568,32
9,20
4567,60
9941,92
6659,94
4078,65
6488,138
8187,128
7462,71
1185,151
9115,154
2514,41
2101,33
2368,28
5839,218
6061,143
4041,145
7777,84
374,46
8837,79
3342,44
1560,123
539,49
8371,40
4109,39
7923,53
7000,32
490,23
8202,40
8857,110
8511,203
1795,69
2114,82
1956,51
5251,29
6304,32
9197,154
6075,63
6999,133
8793,128
1450,22
137,91
153,37
3559,49
8875,97
5170,55
4224,34
9672,61
4188,127
4569,34
647,39
2164,46
9823,123
2216,20
3064,49
1681,43
2284,33
3235,49
5261,55
2329,152
8235,115
9930,43
2928,98
6123,187
6496,45
6748,45
3596,119
2053,38
1423,66
3742,132
8597,27
9320,123
1686,43
8838,79
1787,48
9757,136
3748,176
7875,128
3675,101
6881,120
8850,48
852,16
1462,141
3486,181
3392,18
9495,154
7316,133
8829,172
7074,32
1969,25
2797,67
9174,123
9386,123
9939,74
9191,61
361,46
1590,105
9743,48
1241,40
7784,102
2672,72
3832,57
928,24
7947,53
1007,94
1322,115
1936,100
1876,25
2967,142
203,40
247,48
9614,123
2357,121
3949,39
2210,95
8076,115
8691,53
7224,120
8014,45
5241,86
5753,130
2655,54
5290,117
4065,127
3033,23
715,26
7064,32
1637,43
3028,111
3070,62
7792,146
8031,45
9240,35
3623,119
302,17
2813,173
8701,79
9329,123
6189,37
9704,48
8695,185
1746,149
5281,55
2386,103
2534,33
3010,41
5528,130
366,95
4725,60
4333,140
3048,111
9182,172
8704,22
4128,127
6558,107
5324,55
9632,22
6853,32
9765,74
4772,104
3404,62
244,22
106,13
4672,122
1331,53
6720,45
1803,43
7690,53
8135,66
9556,30
861,104
8401,66
4347,184
7173,120
3446,57
8157,66
39,35
7571,133
1154,32
4283,127
3113,93
6441,125
8526,128
2465,72
2565,54
9561,79
5604,99
5769,174
7125,76
1491,92
3267,137
1440,22
335,69
8612,79
8991,141
4671,91
1647,136
3802,31
6625,76
9355,198
8010,146
6708,45
9316,154
360,20
7474,102
8270,97
161,99
214,102
4113,39
4625,34
4297,26
3105,155
681,65
2614,178
7307,45
5973,24
2227,139
718,52
6930,151
2758,129
7911,76
4081,52
6170,37
5805,143
1416,35
3796,39
6508,76
51,25
5000,29
2955,142
9467,105
6284,125
8482,110
2077,64
8898,71
7285,45
7425,133
143,104
1287,146
7301,45
1877,25
3928,145
5404,161
2529,72
8024,45
5545,55
7092,58
1467,141
3558,150
3101,155
1176,120
9673,61
167,68
9829,136
4185,39
9097,123
586,119
3075,155
9629,74
4968,91
9789,136
9264,35
1989,25
7920,102
1865,69
4673,60
8873,172
7542,115
695,127
9630,74
435,28
5823,143
3678,163
2531,41
3555,119
5450,68
6739,182
8389,66
7980,53
4298,26
179,32
2780,129
2337,59
5016,135
2948,142
5923,37
7334,45
2076,64
289,30
2696,116
2929,98
5084,34
4975,73
2987,49
4052,114
4221,171
8935,110
4681,47
643,26
6194,187
3788,39
9727,92
525,31
9023,154
901,55
3613,119
6615,76
9325,110
3154,93
2774,67
7646,177
4500,47
9187,110
2809,160
9572,74
633,31
9646,167
3197,75
1843,131
2301,46
8167,159
9017,40
8623,79
1589,30
3127,155
1970,25
1622,136
1009,112
1732,30
3418,57
1325,27
5515,161
6901,45
4916,42
9936,92
2334,33
615,70
7296,40
9011,40
160,11
2984,23
4055,158
3207,49
9234,110
6107,156
2933,98
2303,59
1927,51
7342,133
7350,102
2086,126
328,113
502,67
9185,185
7700,53
1584,30
9778,48
5174,148
365,95
9091,141
865,148
6205,156
1374,40
9982,74
258,123
6382,76
7636,40
9373,154
2271,64
9960,92
3229,75
4210,127
3067,62
2631,191
8944,92
5790,55
3485,181
5537,68
9345,185
4240,127
3333,31
383,46
8937,97
9638,123
1630,136
3265,137
3329,93
5418,55
2856,36
4256,34
6022,42
4786,73
5471,161
2391,121
6252,156
8500,128
6680,138
8412,97
5037,86
567,62
1767,149
8978,92
7922,53
4702,60
4281,127
6017,187
4595,60
9028,40
2346,121
7509,27
814,42
6225,37
454,15
6356,32
8544,27
4480,21
9417,105
8183,128
9216,30
2094,126
3408,18
8319,89
9874,136
9006,40
6912,120
8678,79
4844,73
597,26
4200,34
4236,34
2369,121
8284,128
125,109
9821,136
1146,107
4267,127
2007,43
8736,35
9335,35
8199,115
1856,25
5367,73
3967,52
6260,125
6499,138
9988,92
915,130
2642,103
5386,68
4195,65
7996,53
3511,44
1886,38
8101,159
8727,141
6259,112
1197,120
6954,32
5965,94
6076,156
1487,97
6551,138
7073,102
7862,84
8106,115
9267,110
1458,35
1891,38
9183,172
9103,185
2673,116
3089,36
9451,154
2255,139
434,28
5061,42
2584,103
8193,53
1338,71
1433,27
3864,26
5403,73
1861,38
1911,30
7519,89
3358,88
8888,35
6142,156
5370,99
1948,144
8173,159
4934,135
5331,55
4719,104
8070,71
7768,40
4858,47
5050,42
9446,61
618,26
113,13
995,24
3838,132
7858,102
4226,83
9466,92
7512,89
5711,130
8869,79
1387,66
4890,42
9628,74
1071,169
9787,198
5085,34
1710,56
5438,68
8185,128
857,29
9773,48
2803,98
9546,105
5535,130
6282,125
3999,189
8107,66
4709,34
1269,40
1840,38
9005,40
3562,75
4231,39
8072,115
6423,125
3618,57
8437,84
5318,55
856,104
2144,33
6445,24
9035,40
6226,94
6115,112
871,179
1451,141
6421,24
1101,94
3458,106
378,108
2538,41
6301,63
9613,61
2448,41
1743,180
7628,32
724,21
519,62
1651,136
5706,29
4448,47
5426,161
5468,42
8817,97
9985,92
468,23
9144,35
2713,160
923,68
6318,125
7194,120
152,24
1920,25
5119,117
3049,124
8364,40
9994,180
5095,73
5708,29
2014,95
8841,141
1246,133
9667,74
6011,42
6910,58
1289,146
4814,73
8548,66
9625,48
3165,80
4007,44
8538,66
5588,37
447,98
8881,185
3844,52
5514,130
3284,31
132,29
913,130
1465,35
8638,128
8909,141
9199,66
3907,39
3482,31
2288,108
5193,86
7766,53
7545,71
4651,34
4121,65
1121,45
1368,128
5789,55
2184,33
2395,33
3393,44
7338,40
689,127
620,88
1606,22
2781,129
8713,141
8109,159
7284,45
9895,123
5164,55
1700,61
459,129
8852,141
5400,117
2886,49
1912,56
6641,94
6292,63
3681,132
5023,91
1358,66
6880,107
5601,68
7887,177
9694,167
4636,60
5213,104
5210,104
925,130
9296,123
5292,55
8416,84
418,41
7445,40
1726,43
3682,132
3666,44
3410,137
1638,43
9021,141
8256,128
6192,125
1620,30
2606,103
8287,66
5673,205
1435,79
1302,102
6462,169
6816,19
4017,26
2280,108
1806,118
9281,61
4514,39
3671,132
3689,101
9811,167
4579,109
8510,203
1632,30
9922,74
8460,84
7329,102
4774,104
2563,54
7612,133
6815,182
3292,137
3923,176
311,87
8099,66
3975,52
6633,76
5761,174
5872,50
4206,96
6612,94
1695,180
6851,58
6598,32
7800,146
8382,110
2536,41
7634,84
5125,55
3255,75
7944,97
220,115
2855,129
832,16
8232,128
6580,138
6164,37
8512,35
363,46
8849,48
198,27
7404,133
5621,86
3052,155
1555,35
2017,69
5543,205
1463,141
1938,51
2611,54
2685,98
6105,112
5353,47
4232,34
3765,132
5162,104
8956,141
2721,67
4338,78
897,68
5557,130
178,32
7864,146
1674,43
4357,47
2512,41
3285,31
960,24
7209,71
9059,66
376,108
9781,43
4751,166
634,39
9868,136
9030,40
1644,136
356,33
4568,34
5034,42
7975,146
2126,77
6174,112
3887,52
3362,44
4359,171
7128,50
2686,98
4248,127
2599,147
3218,75
2949,142
6038,68
9339,154
9841,43
641,52
2630,54
4421,96
5341,148
3480,31
4851,166
3097,186
9825,48
3501,31
1164,120
2256,20
4821,21
9389,110
5675,130
3542,57
6138,63
5155,29
6833,58
5763,37
4873,122
9492,79
3581,101
2546,33
9592,74
5411,42
6031,94
893,73
9635,123
8791,128
6866,151
8221,40
1452,48
3406,62
8226,40
6013,143
4545,140
7627,84
6175,143
1668,136
8363,66
2524,41
5765,143
2394,121
585,57
4000,114
416,15
221,115
5191,73
9105,154
2439,134
4894,135
4775,60
5922,37
8257,190
1598,74
2659,54
1184,27
309,25
9516,79
4965,42
5702,29
2057,113
477,36
3100,155
4590,60
4060,39
9949,74
602,18
6780,182
36,22
4317,52
7528,133
631,39
2075,95
1005,68
3941,26
7809,146
6755,37
1077,32
4530,65
1340,71
261,30
734,47
6985,107
6863,120
5159,148
4279,78
5598,68
1690,43
6108,156
9396,123
7433,71
1233,133
3842,145
5092,34
4822,166
9627,48
7964,53
4697,109
1130,19
4506,47
4259,127
3492,150
8934,141
8900,141
8040,71
554,18
7483,40
6475,50
6415,50
6178,37
3824,57
1626,43
1478,22
8413,97
8474,35
2785,67
1884,131
7049,81
1405,84
9550,61
7859,102
1225,133
660,114
4340,47
4035,70
2707,41
4718,60
4887,47
1648,92
3372,44
3703,132
3073,111
352,20
7180,71
3656,132
7885,27
8969,53
32,6
3584,26
2035,157
5934,143
6656,19
1446,48
330,113
7843,53
8681,79
3674,132
1889,82
9301,123
9164,154
5777,143
6646,120
7088,58
5209,42
9523,35
8168,53
5629,174
7865,53
3862,145
1645,136
3720,39
3116,62
5546,37
5760,24
6787,45
8092,159
543,137
7359,146
4509,140
4707,34
6374,125
8796,35
2294,59
9418,35
3055,93
4440,34
515,124
7553,133
5464,42
8050,71
3370,44
7141,32
5994,50
3833,57
4554,60
2,2
3780,39
4794,122
531,124
9934,167
655,145
5120,16
7420,120
8039,190
910,42
3786,39
9717,48
4220,171
9529,105
9566,79
9490,53
6231,63
1718,149
6969,58
5595,130
9536,30
9542,105
3611,70
7603,32
7525,40
226,14
7226,120
6917,107
5759,112
1676,43
40,9
2581,103
5437,68
7387,71
6417,63
8806,141
3295,137
888,73
8307,66
5899,50
7833,58
9600,22
8800,97
3649,44
1351,159
5429,55
2021,64
4379,215
1183,89
2015,95
1837,131
6825,120
1257,40
6531,138
9859,43
8577,66
3001,41
8748,79
7164,102
7014,58
3861,26
9149,123
9278,92
6460,76
7725,146
1235,133
495,98
6696,45
8392,66
9574,74
9511,53
4424,140
9139,35
9202,61
4510,140
8223,190
8957,141
6449,63
1599,74
6133,50
1929,56
8766,79
300,17
9090,141
9856,30
9161,154
2319,59
2020,64
8088,66
1811,69
4940,135
3194,124
451,54
9581,35
9864,136
5893,99
2688,15
18,21
6903,58
8803,141
4667,34
9261,110
5311,99
9996,180
6019,42
1230,71
8750,79
5992,50
5187,42
5102,86
9166,92
9073,66
9514,79
4969,73
1234,133
5766,143
7693,53
5486,117
133,29
9655,105
476,36
6792,63
7150,50
4312,52
5099,117
9605,167
1962,25
9658,74
6563,76
1972,51
9725,167
4479,140
9192,48
1677,43
3181,106
7861,146
4854,122
2733,41
7743,115
3078,36
3343,44
8453,84
1556,123
8091,190
6214,125
9406,61
3896,145
8455,203
326,25
8331,159
6369,107
8910,97
9498,79
255,48
6582,138
7371,45
6320,81
2022,64
2771,67
7645,32
6438,76
6976,120
4696,122
8005,53
7860,146
7308,133
9670,22
6201,37
303,43
9068,92
7699,133
3227,106
2910,142
1655,43
6005,50
2191,77
7062,102
3692,70
1395,128
5691,174
9678,167
9759,154
6429,169
2911,142
1335,146
6767,151
2311,152
7830,102
3327,75
964,24
3634,70
100,26
6361,107
69,15
9336,35
8926,48
3714,39
8912,48
5019,65
7210,58
9287,167
1829,131
422,41
8424,84
999,50
7712,27
5638,86
8020,115
442,116
7414,133
9054,40
7203,120
5721,81
8731,128
8108,159
7547,115
7841,53
1476,22
879,148
5900,143
4642,34
95,106
8063,97
3472,31
444,72
9082,66
2048,12
2131,77
7508,27
7475,102
2778,129
3756,88
4886,47
6405,63
4578,109
9828,136
7157,102
7755,53
6395,125
933,86
5725,29
5073,34
4014,44
1032,125
3947,189
9608,61
445,72
3453,44
9927,136
2285,33
1831,69
2274,20
1427,27
867,29
7521,45
7602,32
8330,128
2440,41
3319,44
3658,132
6411,50
812,42
5462,117
2710,116
4773,104
234,22
956,55
5310,55
967,143
3110,36
8121,40
2013,69
6161,37
2479,46
8506,79
7086,58
7407,58
6607,76
2505,90
2123,33
5820,143
6012,143
1453,48
1766,30
8479,84
6895,89
7523,40
2648,28
4742,153
2880,23
9940,92
5330,55
9399,84
6322,156
1119,89
3537,31
6185,94
1025,37
8535,128
9420,35
4973,73
1481,35
7481,164
7148,50
1776,74
6253,156
7415,133
7683,40
4809,47
3856,26
9747,123
7827,146
622,88
589,119
2229,46
2622,103
3198,75
1015,37
7595,133
9580,35
7017,195
9273,154
1066,32
6981,151
730,96
5876,50
4575,122
1627,74
8545,128
1572,61
6830,151
6873,32
684,127
8673,141
7731,146
7956,27
1804,56
559,88
7340,133
6539,169
4457,47
8018,159
4833,73
9432,61
2452,41
4839,166
1975,38
8814,53
530,124
6665,94
870,29
4927,210
4588,60
3346,93
5024,42
6163,156
4315,127
5291,55
4079,65
7454,71
9410,61
4952,135
748,47
4268,65
4422,96
5703,55
8826,48
2056,126
4847,166
2583,54
5682,81
598,119
8812,53
6905,120
1702,61
3752,26
4163,65
6146,112
3637,18
1080,45
3325,137
9833,48
5484,117
6272,32
7244,71
903,117
7030,151
4698,122
1196,120
3106,124
974,143
6638,45
8717,48
2814,173
2172,139
9912,136
6145,50
8400,35
9020,141
9483,53
9578,123
1931,144
3816,39
6155,156
6078,156
2348,121
4156,65
2061,126
4840,21
2089,64
3951,75
3874,52
5041,42
2381,77
8209,40
7375,45
7127,164
7751,177
9763,136
4308,34
7643,71
4573,34
5671,81
7036,151
3813,31
2966,142
7429,40
9200,48
9652,74
8669,141
6372,125
6621,45
2717,67
7009,182
5088,60
4316,52
7913,102
4205,96
8268,159
8637,128
6101,112
2251,38
7761,146
7585,133
1805,56
373,20
6776,37
8832,22
5749,55
1799,69
3520,119
3120,124
7352,133
1204,19
1747,149
252,110
499,49
4108,39
3202,62
1692,35
4269,65
9609,74
8423,66
181,19
4594,60
4418,78
5320,55
7675,177
8648,141
6874,151
2335,90
2490,90
1752,56
1072,32
9043,185
2364,59
4335,65
7541,133
1908,38
8936,48
7941,53
413,90
1369,40
3932,145
2468,134
2225,139
4198,65
7281,19
9421,35
4897,166
9560,123
7933,53
1635,43
87,31
1749,118
9126,154
1240,89
7930,102
5712,37
3547,57
7257,71
3903,176
4769,78
5840,99
3893,101
66,28
4313,52
7582,177
1112,45
5707,29
8725,48
4805,60
1014,37
4678,60
7168,27
2215,121
5306,29
4303,109
9570,74
3724,39
4228,83
3846,52
6413,63
2918,36
9928,43
3081,155
7261,58
800,29
6688,45
158,37
7798,146
8939,123
1641,74
9468,92
9346,61
7361,133
9485,154
7993,84
7389,71
9249,185
6882,107
825,135
2674,46
8323,66
7169,76
384,15
1,1
8894,185
3764,132
3726,70
2513,134
1934,144
2613,28
6609,138
4831,122
7943,146
9226,154
3883,52
3192,124
1312,115
8518,128
8786,141
750,47
848,16
2492,134
6966,89
1401,97
8123,40
5228,179
6439,169
1564,123
7292,164
9626,61
8924,97
2136,25
3140,124
1773,56
3572,75
1988,25
3831,176
890,73
1281,53
5268,55
8355,128
6275,37
8033,97
8495,84
987,37
2663,85
7335,76
5997,50
5327,86
6827,182
8351,234
1027,37
5828,37
6066,24
3563,163
1256,40
8860,123
8738,48
4657,153
7241,102
8679,172
5421,117
6402,169
4051,158
6713,138
2679,28
5566,117
9245,154
6835,58
6752,45
7638,32
395,77
8797,35
4830,122
1320,115
2982,93
9695,167
4099,158
7866,146
4020,70
5336,148
959,130
1084,45
6626,94
6048,112
1943,38
7196,71
393,59
6072,63
5646,60
1967,100
8104,115
6843,138
314,38
4459,47
5859,99
7232,19
9061,66
9530,53
3214,168
8715,141
8616,35
2744,129
7358,164
7874,128
9518,79
6786,45
1174,120
202,27
4513,184
2770,67
9969,92
5890,81
1727,56
9543,53
7122,50
6490,138
4150,96
970,99
3576,101
4107,39
9889,123
372,20
8794,35
8011,53
408,28
7215,71
8247,97
368,20
4948,29
8433,84
3628,57
4068,158
2789,129
2358,59
9458,61
8205,40
2821,36
4458,47
9046,92
6340,81
8166,66
2653,28
1348,115
6589,138
7109,120
9714,167
1285,27
6416,24
2544,59
6135,63
3567,194
1926,51
4036,114
5663,86
4787,73
3668,39
582,119
965,24
5804,143
1923,51
5238,104
972,99
2246,46
217,27
8868,79
8325,66
3996,52
6414,50
94,106
6897,107
7801,146
5637,86
8407,66
1120,19
5342,47
5812,50
1414,128
5244,104
9218,48
3624,18
6837,58
8613,79
542,44
5036,86
1524,110
9499,105
3891,39
7869,102
2088,33
8044,45
4913,135
6920,151
2470,134
1580,79
9656,74
8539,128
9130,110
7974,53
4701,122
1585,79
7390,208
5744,55
9634,123
6769,45
4906,42
5161,117
4046,158
6290,63
3478,57
5755,55
4994,91
4096,13
1409,84
1853,131
2749,41
9541,105
2937,54
5810,50
3933,145
2597,147
4836,60
8953,141
9555,105
5841,81
579,31
4147,39
1916,56
3167,168
5222,55
9505,123
3304,93
4447,184
7771,115
5405,161
7813,40
5796,143
2249,46
5063,135
4908,135
5806,143
3911,83
8676,79
9945,74
3413,18
6678,94
4555,60
2480,90
989,50
5453,68
4482,47
5466,42
5517,130
2964,49
3884,39
7269,71
222,71
7033,107
4925,73
9086,185
6923,89
8661,48
1551,154
3302,137
7302,45
1838,131
3488,119
3881,145
3677,132
2845,67
5389,68
2055,38
9721,167
6654,76
7746,53
4385,140
8361,115
1910,30
5266,42
240,22
1994,51
5886,174
9475,61
6799,120
2451,134
1741,30
9807,105
5051,86
1346,66
8655,172
7774,53
5822,143
5082,34
4827,104
802,21
5656,130
1199,71
6394,76
6543,138
9381,154
1372,128
6773,37
6464,32
661,114
1722,105
1122,45
7501,177
172,32
7524,40
8369,40
2499,178
4939,135
9470,154
5952,24
9378,154
8263,159
2307,152
3615,70
721,47
2205,46
6854,32
1617,48
7139,76
9563,198
3921,52
524,31
6112,50
7934,53
5679,161
1295,40
9064,66
3873,52
4756,78
3804,31
1960,25
1878,87
9069,92
338,51
8699,203
5229,179
6050,68
7673,58
6779,89
8068,71
2916,36
1017,156
1705,136
588,119
9910,74
3524,119
2336,121
6505,138
5781,50
4919,104
9515,53
162,24
4029,96
8721,48
1653,92
2970,49
3456,119
3878,52
7659,177
9062,66
9195,154
3495,57
8015,45
9893,123
801,60
7915,102
337,113
6922,151
862,42
4974,73
4392,96
6928,32
6193,187
9206,123
8685,53
6334,169
7749,53
2273,139
5309,55
7876,27
9477,123
111,70
4878,135
4535,91
6021,42
4202,34
9565,123
5163,55
1536,17
7035,107
1495,48
8595,27
8137,159
8341,128
796,122
2188,33
8056,97
2864,36
9429,123
3305,49
7703,146
6371,32
2830,36
8049,71
8585,172
8965,48
8626,53
6992,120
1541,35
7491,164
6167,37
8435,58
9359,48
513,36
9173,110
3959,145
275,92
587,119
7950,53
2416,20
792,29
2401,165
4398,34
4044,65
9358,48
1402,84
7158,76
6291,63
2885,49
3505,57
790,78
6419,76
673,65
4490,47
3879,145
9906,43
7295,89
5470,161
7886,177
9760,43
3981,26
7946,97
514,124
1056,32
794,29
1621,30
3694,70
5393,68
4606,60
2400,20
3094,36
1149,45
3407,62
2370,152
22,16
3823,176
4989,135
1224,40
3731,70
824,91
906,16
7094,58
8388,66
3441,106
4286,171
9263,141
7198,71
4737,60
7985,53
5360,73
4371,109
1890,38
6158,156
5982,50
5149,148
6916,107
3704,132
3570,31
8156,66
7310,120
1054,81
4326,140
4350,78
4235,57
3280,31
4512,21
4739,122
7323,164
3369,181
9836,105
4867,47
4089,65
8522,79
5487,55
5784,50
1907,30
2510,90
619,132
3297,124
245,22
1371,115
4631,109
3432,106
6908,58
8893,185
7278,164
3209,75
2607,85
1198,120
9620,61
1299,146
9500,167
7437,133
6524,138
8589,27
62,108
917,37
8690,53
6118,63
8421,128
4520,21
7379,102
3858,57
5998,50
8429,159
4546,140
4504,47
883,29
77,23
7527,151
743,96
6350,200
8804,141
312,38
5003,179
9052,40
2626,28
3344,44
6237,63
5602,37
4570,34
5854,174
2445,41
9324,110
4950,73
5941,50
3944,52
3644,44
1160,120
6310,94
9603,123
5442,68
7799,146
6224,125
9999,92
7764,102
8946,97
4296,26
5255,86
5577,42
9848,74
6263,112
914,130
5728,37
1708,56
7705,146
9887,242
2636,54
7931,76
4140,127
7765,102
5447,99
1059,32
1996,51
3039,155
3220,23
2110,170
3464,31
6822,138
716,34
5933,143
2866,28
6724,45
4762,78
7156,102
9812,43
5701,29
3810,39
7989,53
6509,76
6344,81
7412,133
5048,42
7812,40
1510,66
7566,133
7227,133
2282,108
7756,53
7271,164
4529,65
2421,20
385,33
5147,117
593,75
7707,71
249,48
4704,122
4010,114
962,50
6807,63
4564,109
5114,135
3930,145
2330,121
5551,68
8296,128
7202,120
953,29
7220,58
3473,106
358,33
6047,94
8002,45
4091,127
8948,92
2376,77
3322,137
8189,159
9448,61
1772,56
8034,27
6279,107
2338,59
988,50
1650,136
7939,146
8248,40
8565,27
6529,169
9923,74
5681,81
9771,136
7601,32
5705,81
6834,58
3955,145
3286,75
4641,60
836,42
1750,30
8113,115
9907,43
12,10
1253,133
1764,30
2741,129
4538,65
8450,58
9734,48
10,7
5173,104
8759,216
7692,53
6117,63
2287,121
5534,99
3586,119
3328,18
7747,53
7277,164
2485,90
8714,48
7868,102
7918,146
6217,112
4432,21
4638,60
5838,218
2764,129
8815,53
3785,132
1977,144
3199,168
538,31
1456,97
8035,27
705,34
3195,75
3386,36
7140,32
5950,50
4674,60
4027,70
1968,51
1362,66
1074,24
9946,74
4879,135
7997,53
3925,26
1021,50
4753,52
1189,76
1860,38
212,14
9576,123
1138,58
3948,39
698,34
4637,60
8813,53
7670,133
3186,124
2715,98
2844,67
231,128
786,60
7195,120
4621,34
6661,182
6478,125
9621,61
9584,123
5152,104
7632,40
9045,22
7856,146
1475,141
438,54
3834,57
9724,167
7319,133
7903,76
4336,47
7395,40
197,27
9108,61
2593,41
98,26
8328,128
978,50
1496,48
5848,143
9943,74
4855,122
8336,128
6181,63
2073,38
7803,146
7654,84
112,21
3387,44
8830,172
5141,29
556,44
7546,40
5606,99
3739,114
4987,166
2420,20
7054,58
8784,97
7072,120
4563,153
7573,40
5068,34
3017,41
3754,26
8276,128
1065,76
3736,88
5991,94
4428,140
1086,138
6228,125
7671,133
5160,104
336,12
536,31
8972,48
9120,110
6412,63
8201,115
417,134
2012,69
1499,48
7622,40
9961,74
5726,81
8983,185
4132,158
2702,160
8347,66
8262,128
2908,49
7782,40
7738,146
7850,27
2067,157
4367,140
1823,162
391,121
6039,68
8660,48
9886,136
185,45
2037,51
5869,143
1126,45
5844,99
3090,62
3737,101
2433,46
8182,128
8994,48
256,9
9178,61
6994,107
3487,132
2193,139
820,29
4066,114
7411,164
5100,86
8807,79
2726,67
3018,67
5756,130
2843,173
8749,79
2759,160
7193,164
5154,29
4675,60
8728,48
2316,33
1090,45
6426,24
4084,52
2658,54
2566,54
826,91
9931,118
731,140
1869,87
746,21
8042,71
3638,163
4033,70
7378,102
5183,55
1596,123
6998,133
2385,103
8620,172
9071,92
5917,99
8672,48
9223,48
6121,174
9919,149
1334,146
28,19
165,112
7438,45
985,24
8562,128
2892,49
521,124
2366,90
2629,54
4778,29
5555,130
2243,46
847,34
605,18
8179,66
3803,83
2495,72
3068,62
6097,37
3709,119
4345,52
8624,53
3915,101
6770,182
2453,41
5993,81
5058,73
1318,53
6060,143
7234,164
5939,143
2286,33
7651,40
8471,58
5852,143
9947,136
1809,56
9544,105
9330,136
4802,166
7219,45
2213,139
8970,48
8845,97
7836,84
2129,126
4519,91
154,24
1316,53
9481,154
2875,54
1817,69
1694,35
8128,53
2168,46
8582,79
3063,62
2917,36
891,47
3642,44
5354,73
4090,65
1730,149
2362,59
9596,74
3548,57
5387,148
5056,42
8118,66
9460,61
555,31
1143,32
1394,128
9469,92
8783,172
3,8
908,16
7095,58
4706,34
2993,49
3857,52
6841,58
4777,104
3794,70
6823,120
7040,120
4791,34
4016,70
5971,143
5059,73
2460,72
5636,86
3958,145
4752,78
8134,115
5352,73
9297,185
5819,143
4623,153
3639,163
26,11
5168,104
2934,142
2851,28
5870,143
353,126
9248,35
5954,143
3912,52
2868,36
9280,123
6578,138
1850,131
6527,76
7844,177
2552,59
5399,68
5891,81
431,41
46,17
1162,120
5750,55
7442,71
662,26
8116,40
8998,48
3011,41
7368,133
6329,156
851,60
9114,61
6663,68
4776,29
142,104
4276,26
682,13
2308,33
7880,27
7613,133
2431,165
4853,47
1516,61
127,47
1693,35
6671,182
9033,48
9875,136
7318,133
1821,43
1670,136
5585,130
4461,96
3632,18
4425,47
4875,122
2961,36
635,31
7336,40
9617,48
8499,128
4092,65
4942,135
4329,52
9783,180
1593,123
2805,85
2621,147
3318,44
6316,125
969,50
5128,55
5511,130
7834,53
9671,74
4598,153
2166,139
8130,128
1778,149
5582,68
6004,50
8844,97
3781,39
9338,35
1410,35
5252,29
2091,38
3938,26
4653,153
2858,36
2261,20
6571,63
9814,136
3072,18
6860,32
7299,45
1716,105
2363,59
9595,74
5129,148
3172,80
9552,30
1298,146
5553,130
4558,153
9309,154
5237,148
3660,132
601,57
8032,71
6879,151
7726,146
7249,71
1734,30
5101,86
6074,63
7739,146
1022,63
1768,118
5497,99
2344,121
3459,106
2306,152
4744,78
5371,130
1701,61
9102,185
1309,146
5771,143
1282,53
4518,39
4881,135
5377,73
2203,51
6687,50
8313,190
7669,58
5045,42
9447,154
6995,107
5930,50
2359,59
4072,52
6103,156
5609,112
841,42
5736,37
7107,58
2999,49
881,117
3102,155
678,52
1062,125
2030,38
9870,198
7187,32
7910,146
4034,70
2578,147
817,42
738,21
4612,153
9189,61
4284,171
4404,96
4610,109
4561,60
3114,124
3092,124
6325,81
6765,138
1294,40
1043,125
8602,27
3474,106
8491,110
5906,125
6427,76
7294,164
6600,138
8951,141
3961,52
2914,36
7392,133
7732,27
8706,141
7353,164
6650,138
6020,42
7315,120
5787,81
2083,126
9702,167
8530,172
9674,61
873,148
2804,85
4765,52
9745,136
6397,76
7676,133
6472,50
4048,114
6468,50
996,50
4465,47
8058,97
1363,66
4757,78
5196,148
9851,74
5980,50
9426,154
8217,159
9228,154
6957,58
4365,47
7924,102
4562,153
2071,126
616,26
278,43
6926,107
2206,46
9650,61
8143,159
6018,42
3987,52
894,99
9488,79
6559,50
6766,138
2304,28
4985,117
8210,159
8580,79
8208,40
7770,40
7704,53
86,31
7192,120
9106,154
4577,153
3176,31
1254,133
5779,143
9742,48
2141,25
3211,124
3137,36
9354,61
5335,47
3670,132
4445,34
6829,151
2142,170
8607,172
1608,22
2434,134
5110,60
6758,37
3643,163
1771,56
7889,102
6702,138
5589,37
2838,129
2854,28
5772,50
3437,150
9461,61
5953,50
6666,32
1792,25
1744,118
6982,151
2160,46
7422,239
2985,142
6653,76
440,116
9007,79
8292,40
6891,151
4117,127
2571,54
4996,179
6757,37
7485,133
8552,27
5439,68
2926,142
7687,58
9958,43
4453,140
1020,50
7652,84
2943,173
9124,154
2777,129
4451,140
4815,73
2068,126
5171,55
669,70
5267,42
7677,133
6381,76
3722,39
3077,36
8288,128
2100,33
8485,110
3629,57
4615,91
223,71
6790,37
5428,55
4869,135
5113,135
4559,153
6719,138
175,81
2298,46
7317,133
9395,110
649,145
1195,120
1714,30
5287,78
9357,61
6592,94
8504,79
6504,45
4358,47
9831,105
5778,143
4552,60
6534,138
5406,161
9456,61
6774,45
1882,131
2345,152
9679,167
2232,46
1696,17
6489,50
8886,97
2827,111
9884,136
7942,53
3426,31
6560,32
1003,42
9719,123
6363,81
7028,58
9044,22
6987,151
7498,177
7023,195
5620,86
772,122
3189,124
9509,53
7293,164
9220,110
1762,118
9531,79
7554,133
4970,91
9010,40
6728,45
9752,136
4088,65
5632,24
5498,42
4074,52
2998,49
8354,128
6196,125
8592,27
5821,143
3226,23
7252,19
248,110
5988,50
9954,92
3365,44
1756,56
8848,141
6967,89
3475,106
274,92
7247,120
7467,71
5665,130
7246,120
3448,44
392,28
3185,31
761,34
6009,94
9349,61
2197,95
572,106
807,73
9948,74
4175,114
2549,59
9601,167
9732,48
6447,76
196,27
3904,26
5579,42
7936,115
1834,38
1879,87
902,55
2031,64
617,132
6737,182
9705,180
6986,151
7304,133
3043,111
7185,71
843,42
7657,84
8466,203
8383,159
2891,49
7436,133
9436,61
8878,97
8764,79
8295,97
7250,71
7216,58
317,38
9238,154
6644,138
4436,21
8449,58
6349,81
2920,98
4093,65
4977,91
3663,70
5786,50
6734,89
4978,42
381,108
1037,125
7038,81
8790,128
23,16
545,44
1421,35
1945,38
8863,79
2393,72
3375,137
8043,53
6071,156
5365,73
9693,74
8571,172
3768,132
4483,47
2559,116
1243,71
9716,48
749,47
850,60
2327,152
8932,141
3626,18
6428,169
4971,73
2396,121
518,124
7916,146
9211,123
5042,42
3489,88
1833,43
9391,61
7598,71
737,140
2958,98
5916,99
1343,97
2735,160
4203,65
1209,58
2793,111
2516,41
3424,106
9294,61
8974,48
8635,172
1389,128
9957,43
4910,135
7211,120
574,44
8181,66
7245,71
3203,62
3461,150
4580,153
7802,146
1925,51
3401,88
6979,89
7400,133
5280,117
6591,244
838,42
1212,45
349,33
6128,50
4219,158
6868,107
4872,135
6885,58
6077,156
3269,44
72,23
7653,84
6561,76
4431,122
5248,117
4348,140
2542,33
2187,77
7262,102
287,43
8730,48
4342,52
7034,151
3773,39
1656,92
3762,39
5480,130
3855,52
4274,65
7758,146
8916,48
6936,32
886,55
1266,32
5856,99
4859,122
2603,103
3257,49
7537,133
708,34
6606,76
9167,92
9813,43
128,8
4182,39
8017,146
4475,140
355,33
2313,108
1687,43
9298,136
2727,129
4658,153
9430,105
2414,72
8302,97
9095,141
1902,30
9472,30
6803,89
5489,130
7753,146
4138,127
6055,94
4491,184
1108,19
2662,54
7720,27
102,26
5328,117
4524,39
3047,62
3316,93
2883,142
3502,31
49,25
2050,38
9847,74
7562,40
8126,66
8,4
2224,46
4208,83
2446,134
1986,95
7928,102
7583,84
4387,140
2412,72
3279,106
436,116
1378,128
9088,110
8847,79
1157,32
8757,35
1205,19
1050,32
9964,105
9971,118
1898,38
2378,77
7136,76
4583,91
9462,61
979,50
6701,138
8737,141
1139,58
3543,57
8537,172
4986,135
5369,73
5962,94
6456,76
2124,126
3430,31
8436,84
4015,44
4378,34
8874,22
45,17
5512,130
1944,100
1064,32
7759,146
4703,60
7188,120
5599,68
5044,42
6697,94
4353,140
8949,92
3876,52
2668,147
1892,38
7678,115
9911,74
5834,37
4435,78
8390,66
7174,120
4399,101
8977,48
5385,148
3250,137
2624,116
2667,46
3997,52
8593,27
3713,70
4958,47
6266,125
1336,71
7871,84
4705,60
3761,39
9127,154
5724,29
3621,70
3412,18
9559,79
5180,42
8251,66
2052,38
260,30
8427,159
4181,34
7016,58
5192,148
3314,75
2509,134
3512,57
6949,107
1619,48
5356,29
2262,38
8385,66
3717,132
3680,39
5368,99
8772,141
9683,105
9369,61
3974,96
8651,53
406,41
6956,58
2404,59
7413,133
9689,74
6223,37
4246,34
7460,71
3684,132
8649,53
7479,115
169,50
2292,108
4534,91
1061,125
1828,131
271,43
7026,58
9866,136
9879,136
2820,36
1035,125
5473,161
31,107
3021,67
5561,130
2586,103
3743,70
3966,52
7090,58
9179,61
9271,92
2640,116
5144,29
6595,125
4992,42
1381,128
2199,33
3216,23
8141,159
5372,99
9222,110
9618,48
7551,89
4690,153
9793,167
7012,58
4144,127
81,23
8920,97
7013,58
3946,52
4085,52
3532,31
6109,156
675,114
2209,77
3899,145
8318,53
1976,51
2355,33
2535,85
759,60
6501,138
3957,52
6215,63
9241,154
1315,53
5607,68
6450,63
3056,49
9041,185
8955,97
5976,50
5835,81
3254,75
551,44
5364,73
968,99
4134,158
6100,112
6393,169
9835,167
8646,35
9491,53
2936,49
7730,146
1688,43
3793,70
5600,86
3463,106
8915,48
3592,119
7816,102
3750,176
7695,146
2831,36
7570,133
5391,29
8559,79
7591,177
4882,73
6362,107
3728,88
7822,84
4330,47
7929,146
7873,146
5959,125
4592,47
8133,115
1213,45
1896,38
3315,75
8047,45
5250,29
6500,138
7058,58
1609,74
3262,137
1669,136
9532,53
58,20
7133,50
5451,55
8733,141
1528,48
3616,18
2756,129
1745,149
354,33
233,84
8789,97
6555,50
3031,142
2211,95
8159,66
5247,86
8207,159
7565,40
3130,124
8914,48
9508,53
2189,33
3272,44
8372,128
4067,114
6090,37
2432,28
6888,107
5983,50
3538,57
4249,127
6707,45
7132,50
2178,46
2163,139
8228,115
3952,52
3128,124
5066,34
8625,53
9078,185
5263,192
3778,83
808,29
4668,34
8674,48
1244,89
2839,129
3940,26
2660,54
5301,29
3994,52
3311,168
3865,145
7990,84
7577,84
2779,160
6240,125
7518,89
1755,43
8243,66
3647,163
1901,30
5524,130
8241,66
6971,58
8472,35
9450,61
9411,61
3444,106
2980,93
4292,26
6733,45
6525,138
8222,40
4720,60
7567,133
3790,176
8724,48
9125,154
6466,169
6396,76
1897,69
8542,172
2309,33
9785,198
7572,40
4999,91
8683,110
3665,44
9289,92
8129,40
1425,27
3859,57
2437,134
9519,105
6287,107
900,55
4126,39
2919,217
887,55
2477,134
4988,135
7124,76
6208,125
9558,79
2300,46
3449,150
199,120
7236,58
868,29
7718,58
6131,156
3560,75
2019,113
2547,33
404,28
4883,73
2310,33
3354,44
7145,195
419,41
3582,101
9242,35
3399,119
6802,89
457,129
2825,85
3170,80
8851,48
846,34
2562,54
2474,28
5008,135
9661,123
8536,66
254,48
8360,35
1801,162
6875,89
7658,58
984,50
7471,71
174,32
3122,62
8785,141
7879,146
9775,154
9132,61
8652,141
9599,167
9405,61
9685,22
8000,115
1191,50
590,57
60,20
5332,117
9247,185
2413,72
2143,170
5315,55
9981,74
3922,176
8456,84
3990,52
346,33
6919,226
9952,92
8774,141
2924,142
2458,41
6605,138
2931,36
6358,81
9016,141
9484,154
9900,74
9063,92
4549,21
1454,48
9697,136
5022,91
9140,35
7961,146
8397,66
8329,190
1426,27
5849,143
710,34
8734,141
8745,53
2959,98
9414,35
4327,171
4728,60
7328,40
9974,167
8741,110
9067,48
5343,47
6751,138
7516,89
2802,98
3782,39
936,24
1305,53
7954,146
7994,53
5743,81
8459,84
7983,53
4938,135
2638,147
8630,128
8306,66
1666,30
9113,61
4397,34
8557,79
2752,36
7449,115
5362,47
2194,139
1827,131
9268,35
3136,31
5338,148
8984,48
7706,53
1899,69
1492,22
6844,151
6388,125
2090,33
308,25
5867,81
8393,128
5896,143
9098,22
3715,39
6200,156
7620,40
2263,38
9675,74
2080,33
7450,40
2816,23
8732,141
1562,123
7093,58
8533,35
8891,71
8394,66
5285,104
2180,46
6836,58
8923,71
9402,123
3242,31
5294,55
6679,94
8093,159
2824,129
8591,79
4355,140
7587,71
7776,102
5205,29
2240,20
7051,58
6064,63
4331,127
409,41
3868,145
6941,107
7794,146
2532,33
7609,32
2698,116
415,134
8085,66
7121,151
2682,72
5968,24
6014,156
264,30
3625,70
2588,41
4115,114
437,116
4119,39
3869,145
4474,91
9215,154
1490,92
3225,62
8664,141
4125,39
1914,56
1518,61
9152,110
4290,78
7635,84
3447,57
3918,83
8740,110
8896,48
9573,74
654,145
478,54
6199,138
1800,56
4420,96
4243,109
8177,53
3162,80
3885,39
8145,159
3060,49
7965,53
4271,171
4937,135
6277,37
6750,138
75,15
1482,48
7002,32
1793,118
5233,29
432,116
6594,125
5957,50
85,10
6153,94
683,39
4526,39
3476,31
8029,45
9602,123
5645,37
8320,35
2295,59
1570,123
4024,70
1380,128
6297,63
1959,82
8144,53
331,25
6258,112
2507,41
8391,66
6046,94
2247,77
1448,22
2625,28
6522,138
8866,141
4149,127
3583,101
5091,42
4628,34
3539,57
1728,118
5792,24
3523,106
107,101
4962,42
2739,41
2228,46
2212,139
2927,173
1283,53
4492,47
1554,35
5097,179
560,18
3561,49
6213,125
9591,167
5649,37
1770,118
3034,62
7992,53
4665,135
3208,23
8038,27
9640,22
7102,89
6452,24
5885,174
3962,101
644,101
2377,51
2185,108
3079,155
3091,62
2799,67
8775,141
3695,207
3037,62
1085,45
5843,81
3258,44
5231,130
1038,63
3103,93
7531,63
1115,94
1781,74
5935,99
741,47
6564,76
546,31
4054,158
2952,23
2661,54
4097,114
3009,41
9575,198
7821,102
9177,110
2646,54
4576,109
4170,127
5520,130
835,135
9703,136
2596,147
9788,136
697,127
3256,44
4159,52
7434,133
2665,54
596,26
7505,177
9501,167
8839,79
725,21
6470,50
8131,128
4649,135
7908,146
4799,166
1354,53
5430,99
6714,89
1603,61
323,100
2718,67
4469,47
833,29
1719,149
1355,115
4101,39
6970,182
6620,45
1819,162
728,96
2906,49
2523,134
5924,37
7357,164
5818,50
6655,169
3180,106
407,41
9225,229
5672,37
3041,155
8498,128
494,49
7607,84
3313,93
4032,114
11,15
1847,69
4686,153
754,65
8961,48
6899,151
2990,49
5576,130
3347,93
2093,126
8468,35
5680,37
5817,143
8448,35
4586,109
8821,48
1220,40
276,17
7847,128
9277,61
8654,172
9350,61
8633,53
8285,128
5984,50
5126,55
2352,121
6025,94
2140,25
2963,36
251,66
8658,53
4047,158
259,123
7610,32
8990,79
5773,50
5662,37
4270,65
5929,187
6691,138
4275,65
4002,52
3597,119
2006,43
3013,23
6871,151
7349,133
9766,74
1133,63
4443,96
9365,61
1597,123
9758,136
3150,62
7884,27
8279,159
4755,52
6718,138
8293,40
4322,34
3111,36
8865,172
911,42
82,111
8275,97
3457,44
3839,114
2978,49
921,130
4964,42
5283,104
6098,125
3326,75
5678,130
6408,63
8151,159
8387,66
4169,158
3516,150
9677,61
1345,115
8147,97
6548,45
4796,73
4845,73
7050,120
7207,71
5109,60
4118,39
4533,65
3914,52
1030,125
2860,28
8464,35
7046,107
6136,63
3341,137
2267,90
3653,132
2260,20
7428,40
7698,133
9307,92
9318,154
621,88
6581,138
1939,51
8718,172
9767,74
7401,71
5104,60
364,95
3806,132
2493,134
108,114
5108,60
7808,27
7969,53
2806,129
6053,68
2130,77
7170,76
7851,84
3307,75
2231,95
2455,134
8586,27
6256,125
5552,130
3897,145
9398,84
2289,108
4352,21
7971,53
7181,71
5666,130
9800,136
8746,35
4852,47
767,60
5436,68
1218,133
8214,40
5456,16
1460,97
6384,125
2962,36
7134,195
1411,35
2972,98
5396,117
860,104
6545,138
4037,114
3440,106
9004,40
8105,71
8021,115
6166,37
5734,29
706,127
7071,58
9838,105
9805,136
4895,73
1461,97
1885,131
3993,52
462,129
8855,97
3593,31
1525,110
6106,156
9129,66
1497,48
2912,98
2537,134
1437,53
7593,177
2008,69
4375,78
8027,190
5317,55
6988,151
5490,42
9366,61
4216,83
7882,27
8447,159
5732,29
7197,71
8971,141
6157,37
4021,70
6850,58
2819,85
1748,118
563,44
5502,174
7681,177
4160,34
7710,53
1498,48
8590,79
8985,185
8008,146
6804,63
99,26
6662,182
6645,138
5963,50
3519,80
6487,50
6198,138
6674,68
8198,159
5897,81
8653,141
1010,63
4819,122
4609,47
7351,102
4373,34
8712,48
6692,94
4415,171
6353,55
2946,98
561,44
549,93
9018,141
2893,49
9653,74
4193,65
5158,148
350,82
2047,157
9664,22
504,111
3012,23
8196,159
9251,35
7825,146
6331,55
6104,156
3574,49
4662,109
8870,79
2072,126
1419,128
2664,116
1392,35
7852,84
345,126
7287,164
8454,84
3210,23
1116,45
6265,86
8692,141
6230,63
5733,29
2765,129
6723,45
7717,58
9344,123
5349,47
3612,119
3659,132
4012,44
9986,167
5655,112
9503,154
7709,53
6463,169
3425,57
7260,58
5597,68
5269,55
6255,112
1775,87
6250,125
6172,112
6684,45
2478,134
4727,60
401,20
2670,147
9966,105
7255,58
9250,35
3219,75
658,52
472,36
2632,54
5695,174
2909,49
8062,97
7119,50
6791,37
52,12
2654,54
9731,48
6593,125
9315,154
6977,32
8578,79
7320,133
753,21
9972,136
3826,83
3352,44
9637,123
2817,85
340,12
8561,27
241,22
7043,107
9015,92
941,130
7441,133
88,18
7391,208
7839,84
5981,50
973,99
8273,159
2994,49
9284,35
8795,128
2472,28
3701,132
1751,30
2991,49
3274,44
5441,55
1964,144
8828,172
6651,45
7204,164
1098,94
4691,153
8171,97
1678,87
2796,67
3507,57
1610,22
1855,118
443,54
9604,167
2005,113
491,142
8174,159
5314,55
714,34
5559,161
4411,47
1720,105
2585,54
9340,92
9801,105
9820,136
6390,76
3600,57
9423,61
8680,48
3004,142
8402,66
5049,86
7814,40
5824,99
8574,128
3753,163
8470,58
3491,150
9313,110
1484,48
27,112
5613,130
9486,61
5474,42
4416,21
7745,53
7502,63
3886,39
9342,92
9188,61
5216,29
9809,167
4617,109
6176,125
1211,71
769,34
5895,81
9390,110
7047,107
1097,138
9333,35
2939,80
5584,37
9314,154
2969,142
5627,60
6016,112
5134,148
2818,85
5767,55
2253,46
7778,40
1310,146
5704,29
2415,121
1388,128
1271,32
4299,65
3605,57
3032,62
456,36
1906,30
6711,94
216,115
3241,168
6771,182
8163,53
3139,36
8524,79
3693,70
9332,35
5567,236
5054,179
591,57
5004,29
1274,58
9959,74
2198,33
2553,178
2615,178
1794,69
885,117
9169,154
1634,43
5813,50
6704,45
6040,68
3309,44
2174,139
8698,141
5433,161
5040,42
6909,58
288,25
2861,28
279,43
8007,45
8488,128
8415,110
7955,146
4142,127
1280,14
1739,56
4997,179
3469,31
3518,150
4676,60
3301,137
3443,57
5223,60
4478,140
3024,111
9968,136
7940,53
8312,66
3525,119
7380,40
4525,39
3268,44
7138,76
9147,66
7399,94
292,118
3992,52
6283,156
1375,40
5758,130
2281,152
475,28
6293,63
4850,166
2782,116
532,31
4180,34
6010,143
3889,39
205,27
7377,102
9551,61
9520,79
990,99
947,37
2010,69
2069,126
1099,32
8377,159
1814,56
5190,104
8954,92
4189,127
6435,76
6024,24
1180,58
8558,79
2220,33
1643,74
6051,68
2462,72
5028,42
8787,141
5961,50
4285,171
6434,76
9846,74
2176,20
7186,32
4293,26
1210,19
6892,58
944,37
3735,39
1459,35
5145,60
6602,138
1439,128
8274,97
9832,43
2633,41
5500,42
6523,200
9597,74
6087,156
2773,36
4597,47
6942,107
4197,65
8314,66
2063,38
9857,61
799,73
2182,46
369,20
6583,138
6763,37
7649,115
3204,62
3749,176
4966,42
674,114
9037,40
4677,60
469,23
4370,109
509,49
429,103
8258,190
5417,68
4764,52
8877,97
5157,148
9134,61
646,101
4738,122
7221,58
9302,35
3085,36
8876,97
2968,49
975,143
9983,167
6249,156
5491,42
1068,24
7757,53
56,20
9209,123
5431,99
9867,74
1640,30
778,122
7374,45
9615,123
9898,30
1105,94
6144,19
7313,120
3371,75
9413,35
2242,46
4405,96
4502,39
9822,123
4131,127
2591,54
9057,79
6042,68
8089,27
1365,14
983,143
3415,150
1466,97
3760,132
9347,61
405,28
2177,139
9929,136
4129,189
4834,21
8127,190
2428,46
659,52
9201,48
7701,53
2081,64
2219,95
89,31
5381,117
3231,168
2046,64
4069,158
9070,92
6406,63
2097,64
9056,66
5316,55
7039,81
2405,59
426,15
90,18
6480,32
6506,45
2045,64
4192,34
3261,137
8233,146
9328,35
8434,58
4930,73
5215,86
8161,177
8271,97
4462,96
3053,155
3979,96
9594,74
7558,84
4584,109
6120,50
9334,35
2863,80
281,43
7476,89
7806,177
6148,156
2079,51
7048,120
4810,60
6889,182
6317,125
3503,88
1002,112
1169,58
4945,122
2196,95
8069,71
1858,131
5618,161
6784,19
1813,17
9465,61
6725,45
811,135
195,120
103,88
4241,109
9154,154
7239,45
1422,66
3827,83
8507,79
8359,141
1574,61
8617,172
2915,36
8700,79
4917,42
2397,121
2550,85
8003,45
4537,65
8087,27
4813,60
4050,158
5648,130
4783,78
1571,123
3427,31
8964,48
1824,38
8688,141
7891,102
2692,67
1974,38
8540,66
2501,28
1579,123
6070,156
8259,190
8186,66
5060,42
6002,42
6682,138
9480,154
2997,49
2275,20
7081,102
5690,68
8178,66
2425,165
1047,125
5833,81
8975,48
5970,143
6878,151
3264,31
1376,35
3151,62
7845,177
4282,26
8958,141
1123,45
8432,84
7344,133
4263,127
5969,94
236,35
6276,37
4901,135
7938,146
7333,45
2976,23
9517,79
8569,79
6443,76
719,52
8642,172
878,55
5375,99
9723,105
9534,105
2350,121
1600,30
1946,100
6197,125
9636,123
8771,141
10000,30
1864,87
3650,44
239,53
2848,36
1352,53
2028,38
963,50
8584,27
2786,36
3222,23
2486,72
1226,40
791,78
1581,79
707,127
9881,167
2217,77
6326,55
8065,71
6597,32
1991,51
3986,52
694,127
8531,172
6000,50
2690,116
9258,35
9744,136
1001,143
7201,164
2125,126
1311,102
1436,53
5581,130
2869,36
7199,164
6783,182
6913,45
1114,45
8962,48
5035,135
9000,48
1615,74
455,41
6328,81
4442,34
8405,35
3135,62
5240,148
8046,45
1171,58
625,26
8716,48
5999,187
8352,35
5264,55
6306,63
7559,133
2815,160
1134,63
9394,110
463,129
5131,55
1430,27
2736,129
2444,41
8729,141
6360,107
8060,97
3727,70
1472,22
7807,84
2890,49
8769,141
9722,167
3395,36
9510,53
5096,60
2104,82
9976,136
9425,154
623,132
1802,56
4287,127
3422,150
8808,97
7103,151
942,130
1791,100
1623,136
3462,150
685,127
9308,154
7817,133
4863,91
6738,182
5218,55
3894,83
9331,136
7549,40
2840,36
8503,84
6535,138
7024,58
173,32
3296,93
6220,37
4489,91
5580,130
5877,50
9262,110
7968,53
235,128
9853,211
227,14
8554,27
1721,56
4114,114
2036,51
5525,130
584,119
4031,96
5826,112
6553,138
4516,39
7089,58
6974,133
8929,97
1740,30
6961,58
9382,154
3086,111
8357,66
1509,66
1083,138
1441,141
3849,132
7715,53
758,60
5518,161
7208,58
8419,35
7214,45
6935,151
5337,55
5887,125
6313,156
7015,182
4812,60
8697,203
5217,148
9337,154
9849,74
7079,102
9136,35
8081,146
1128,19
9869,136
2794,36
2612,28
550,93
571,31
6348,81
2541,33
896,24
2755,160
42,9
1951,175
5668,81
823,135
583,31
6794,63
6182,63
2725,67
1862,38
9746,123
8950,141
1779,149
6649,169
5696,37
4386,140
9984,43
4835,21
5078,179
8610,79
9160,154
6264,125
8418,35
7305,195
3767,88
1449,141
4025,70
3483,88
5539,68
8370,40
1424,35
664,114
7382,71
4536,65
9756,136
4841,104
3391,181
4242,109
8242,66
4766,52
5699,68
2724,67
4045,65
2620,147
5907,125
1937,51
7235,164
1753,56
7084,58
2577,28
5203,179
3867,83
4960,91
315,38
2882,142
9680,22
4148,127
6169,112
7888,53
733,96
3667,44
1691,136
2354,33
2268,64
1127,138
215,102
7111,151
5288,117
1553,123
2297,59
4823,166
6904,45
6753,76
3847,145
6186,125
5836,37
2616,147
265,123
9740,136
2343,152
7113,50
2979,49
1486,97
9053,40
7029,58
3288,137
9387,61
2318,59
1261,40
606,44
1604,22
4389,140
8305,128
3783,132
7513,89
9858,43
1339,27
4095,158
5623,60
5643,86
1165,120
562,44
8311,66
8947,97
6289,63
6924,151
3421,57
8446,159
430,103
5966,143
4076,65
1723,56
4410,47
5698,68
4320,47
9975,167
527,80
7444,40
5651,86
296,25
449,116
9654,105
8667,128
6365,107
6168,37
3828,57
21,8
5591,68
2807,129
853,16
6204,156
1521,110
7791,71
6840,58
4488,47
7348,133
8549,66
2695,28
3334,31
4173,127
548,93
5741,81
3976,26
2876,54
9407,110
9186,110
6159,156
2408,20
4807,122
9644,167
8160,53
2417,20
5693,68
1142,32
2066,157
5978,50
3569,75
785,122
4395,127
7311,120
5740,81
9039,92
2135,64
482,23
931,37
5554,130
2787,36
7893,53
9077,66
6062,143
7733,27
6323,156
6125,63
5079,179
6732,45
8662,128
387,121
5047,135
4626,109
7240,71
6085,112
6507,50
5305,99
43,30
6789,37
7097,58
3450,44
1529,61
2900,23
2171,51
9710,123
471,129
6376,125
4158,52
9729,167
1104,19
5184,29
7447,133
6754,37
3451,57
6683,94
9445,61
1373,128
4767,104
8671,66
517,124
9478,123
804,21
4515,39
1712,105
186,19
3411,137
1868,87
8487,141
5530,130
6512,45
4423,78
2881,36
9938,74
20,8
961,50
5650,86
2449,134
5253,29
9589,123
5631,161
6831,45
6437,76
9013,48
9272,61
498,49
6368,125
9666,74
7477,89
144,24
6586,138
4306,78
653,26
5390,29
2652,28
6533,138
7999,190
5596,68
8501,128
5087,179
1163,151
6221,37
8782,172
19,21
5414,42
4582,153
7104,76
8090,66
667,145
4470,47
5275,104
7959,97
1754,56
9794,167
3848,52
4947,122
1783,48
998,50
5974,50
4328,47
9487,61
9148,123
7070,151
1531,61
3669,39
7101,89
4644,184
8996,48
280,17
7667,58
3905,101
9569,79
4824,73
8158,66
4266,34
3169,54
780,122
9539,79
3348,44
1825,43
937,174
9915,48
8055,71
2649,98
4647,60
4849,21
5510,161
8264,159
6546,138
7018,58
5127,148
3177,54
6035,42
4803,166
4993,166
1190,76
9711,61
5889,99
6465,24
5738,37
2151,108
1601,61
1514,110
9631,159
3368,44
7661,177
8057,128
6673,32
3493,150
7793,102
201,19
831,135
6846,151
8290,40
1393,35
8461,84
3336,137
6968,182
8619,141
7543,115
793,78
8080,66
3294,137
5394,161
3784,39
5135,148
3900,145
8172,159
1314,53
4254,78
3357,88
3515,150
8780,141
5031,117
3405,62
9175,123
3050,111
5936,50
9415,61
9824,43
305,38
3499,132
7926,53
7515,208
3619,57
7280,45
3148,62
1769,56
8687,110
4019,26
6312,32
7166,102
4670,91
7289,120
6483,169
4864,29
9151,92
4191,109
465,36
6698,45
8665,141
2321,33
4412,47
6695,45
5754,55
8682,48
652,26
5592,68
4843,166
1400,84
7298,45
6918,107
6925,151
7767,53
1102,45
9454,61
1045,32
2322,183
3182,106
9219,48
3287,75
9933,43
8315,203
7805,177
4771,104
892,73
8744,35
1229,40
1836,131
9170,154
4300,26
4183,39
6635,76
7160,102
8403,66
7895,190
5089,86
5457,68
6399,169
3829,57
9464,92
3023,93
1306,27
5075,135
7114,151
4635,91
7116,151
9718,123
8587,128
1140,107
6311,107
9372,154
5195,104
7452,71
131,29
3571,31
7146,76
6945,45
299,118
9203,61
576,26
370,46
1442,48
7027,58
1717,105
7419,71
2296,46
4349,140
2714,54
7096,58
1673,92
1091,45
8102,159
8492,35
2582,54
6634,94
6095,63
8767,79
2162,139
2846,67
5017,42
2024,113
8216,40
3164,80
8529,79
2482,41
1177,32
7345,164
1822,43
4362,47
4699,83
912,37
3293,137
9611,167
5634,86
765,47
7417,120
2033,113
3522,106
3513,57
3306,93
403,20
4627,109
6980,151
1228,40
2945,80
9012,48
7112,151
8112,40
4639,91
9441,105
71,103
5150,148
5172,104
3259,49
5628,174
8250,40
6285,125
4487,47
2427,121
9300,123
5434,68
6173,112
9754,136
929,130
1158,32
1900,30
7435,45
1396,35
2426,46
487,142
4161,65
2325,121
5278,148
1161,182
7728,27
3526,119
5011,91
9377,110
6006,42
5106,179
6243,63
3118,62
1915,175
6132,50
5020,91
3508,57
8237,40
3825,39
6492,138
920,37
7355,102
9860,74
5657,112
2122,126
1591,105
8266,159
501,111
2254,139
3698,70
8073,97
7275,133
2829,129
1379,128
2522,41
2539,178
6931,151
1156,32
4616,34
8862,123
1500,48
8376,128
3233,168
4746,78
9660,123
6519,50
1660,136
9753,123
2299,152
5932,143
5544,37
1842,131
4507,91
8515,40
2424,46
3016,67
9001,141
7083,58
8218,40
7398,71
130,29
7222,71
2644,116
7689,58
9502,167
5927,73
2627,28
4199,65
8013,146
3980,26
7059,58
4792,122
1588,30
9715,167
5785,81
3640,44
3815,176
293,118
78,36
8833,79
1438,53
9003,79
6686,45
5944,99
1866,87
5644,37
2951,98
558,44
4145,39
1952,25
4730,60
2693,67
5227,55
775,153
6847,63
9290,185
6617,45
3374,44
5975,50
6294,125
379,59
6628,76
3359,137
6838,151
8919,48
3934,101
3278,106
8739,48
2128,33
9111,61
5622,60
8083,146
665,52
9376,123
3282,75
5232,148
423,33
6722,45
7890,102
297,74
5410,42
5964,94
4139,158
8523,128
4998,179
388,121
3174,80
9379,154
7578,40
1151,58
8989,79
6870,151
5861,37
2960,49
1132,63
2065,126
8463,40
3396,62
866,29
5415,42
8644,35
2384,28
5509,161
7740,146
7883,84
5562,130
9735,48
5956,50
6952,32
9712,48
8291,40
7750,53
351,82
6089,63
367,46
6232,63
8082,146
3758,88
9871,198
872,117
1997,51
5259,104
9135,61
3627,57
5547,55
4212,83
2705,41
6643,107
7995,53
627,132
8054,71
3866,26
5572,37
8345,115
3690,39
5911,143
9997,180
6124,63
6335,156
2000,113
3909,101
3390,181
2511,90
6351,200
3134,62
732,96
3557,150
8149,53
672,13
5329,55
306,38
9991,167
2623,103
321,25
7484,133
930,37
8332,128
1790,100
5809,50
8756,35
6341,81
9190,61
5855,174
9804,136
4747,153
7960,27
9351,110
9582,35
4251,83
4245,127
1382,128
6151,112
770,34
1918,131
1782,48
9254,110
1095,76
3088,124
97,119
6129,50
8337,159
238,35
2701,116
9099,123
8120,40
3015,93
5340,148
2239,139
4155,65
3917,52
3530,31
8604,110
9622,48
3096,124
6520,138
8903,97
6570,32
8200,40
4498,47
6086,112
4477,91
5729,29
5477,42
5366,73
6113,156
2699,67
7162,102
9453,61
8308,66
1684,43
3971,52
9701,167
3129,111
2233,139
9384,123
4253,78
7902,76
8608,35
2214,139
104,13
3871,114
1611,22
1386,35
5858,99
4186,127
59,33
4680,60
329,51
8650,141
4711,60
8567,128
6902,58
2399,72
3044,36
7826,146
2356,121
2887,129
1568,30
2044,64
5677,130
592,26
8570,172
3589,70
5653,130
5374,99
9598,167
9562,123
599,119
997,50
5137,55
2324,121
9385,84
9707,167
1955,100
4356,47
6324,81
9128,110
2487,72
474,36
286,105
1026,37
2762,129
2438,134
6817,138
2894,54
1757,56
2156,51
6497,125
2527,178
9955,92
7600,32
9259,48
1329,53
3146,62
2258,38
6030,94
874,117
6092,37
9761,48
4058,39
949,37
4629,34
5739,174
1558,61
6058,112
9304,154
9525,79
3409,137
5256,55
2095,108
9888,30
6302,63
1849,69
3648,39
5918,99
6299,63
3546,57
3716,132
9121,61
2703,160
7242,71
3005,142
6242,63
7183,151
6028,24
8281,159
789,29
5052,179
5558,161
1319,146
8572,172
2598,147
7539,115
6989,151
4888,42
5440,16
2941,49
668,70
9935,167
2481,41
6887,169
6886,58
7492,89
9194,48
3673,163
1613,22
9026,185
3535,150
414,90
1485,48
2170,46
3822,31
877,55
6637,45
8864,22
5830,37
1028,125
496,111
389,121
4687,153
508,49
1547,35
4305,78
8754,79
6404,63
5236,148
5199,148
3093,124
1471,172
5181,42
3845,52
1296,27
8966,48
2922,98
4780,122
3872,101
4008,114
7727,89
9122,61
182,94
1222,40
3552,75
3069,62
609,132
3335,181
2610,54
8788,97
511,62
4501,47
6744,45
5720,29
3902,176
7948,97
1921,144
1973,51
8148,53
4075,158
9749,136
8001,53
2589,41
2471,134
8231,53
7409,133
7639,32
4166,127
1270,32
1971,25
5846,143
6632,94
3908,101
5322,55
3460,150
5827,112
1008,112
5717,37
8940,48
2027,157
4466,140
341,12
6119,63
8374,66
7977,53
1290,102
5815,143
5284,104
8079,146
2148,25
7744,102
8719,172
2729,160
6573,76
8711,110
9227,110
8922,97
5506,130
1357,53
6482,169
976,24
904,16
9471,154
6099,125
6900,45
1464,97
4982,104
3776,39
6461,76
7787,71
9040,22
2476,134
5033,91
6547,138
464,23
711,65
6432,24
657,52
147,117
5132,55
8425,203
2042,51
4560,109
4087,158
9400,123
4842,21
6459,76
4343,52
2447,134
450,54
7008,58
8768,97
7881,146
7276,164
9607,123
5931,37
5873,99
4748,78
136,16
124,109
3553,57
4817,122
